"Name","Platform","Compiles","CompilesDouble","Uses","UsesDouble","PermutationString"
"Globals","0","4586","0","0","0",""
"","0","1","55","0","0",""
"/Game/FirstPerson/SFX/Vidos/Main_Video_Mat.Main_Video_Mat","0","9","0","1","28","Compiling Main_Video_Mat: Platform=PCD3D_SM5, Usage=LightingModel=MSM_Unlit, BlendMode=BLEND_Opaque, SpecialEngine=0, TwoSided=0, TSNormal=1, Masked=0, Distorted=0, WritesEveryPixel=1, ModifiesMeshPosition=0, Usage={}"
"/Game/CharacterBodyFX/Materials/M_Bubble.M_Bubble","0","48","0","48","90","Compiling M_Bubble: Platform=PCD3D_SM5, Usage=LightingModel=MSM_DefaultLit, BlendMode=BLEND_Translucent, SpecialEngine=0, TwoSided=0, TSNormal=1, Masked=0, Distorted=1, WritesEveryPixel=1, ModifiesMeshPosition=0, Usage={bUsedWithNiagaraMeshParticles}, StaticSwitch'Invert Fresnel (B)2-1'=False"
"/Game/CharacterBodyFX/Materials/M_Diamond.M_Diamond","0","52","0","2","177","Compiling M_Diamond: Platform=PCD3D_SM5, Usage=LightingModel=MSM_DefaultLit, BlendMode=BLEND_Translucent, SpecialEngine=0, TwoSided=1, TSNormal=1, Masked=0, Distorted=1, WritesEveryPixel=1, ModifiesMeshPosition=0, Usage={bUsedWithNiagaraMeshParticles}"
"/Game/CharacterBodyFX/Materials/M_Flower_02.M_Flower_02","0","46","0","6","133","Compiling M_Flower_02: Platform=PCD3D_SM5, Usage=LightingModel=MSM_Subsurface, BlendMode=BLEND_Opaque, SpecialEngine=0, TwoSided=1, TSNormal=1, Masked=0, Distorted=0, WritesEveryPixel=1, ModifiesMeshPosition=1, Usage={bUsedWithNiagaraMeshParticles}"
"/Game/CharacterBodyFX/Materials/M_Flower_01.M_Flower_01","0","46","0","46","46","Compiling M_Flower_01: Platform=PCD3D_SM5, Usage=LightingModel=MSM_Subsurface, BlendMode=BLEND_Opaque, SpecialEngine=0, TwoSided=1, TSNormal=1, Masked=0, Distorted=0, WritesEveryPixel=1, ModifiesMeshPosition=1, Usage={bUsedWithNiagaraMeshParticles}"
"/ControlRig/Controls/ControlRigGizmoMaterial.ControlRigGizmoMaterial","0","0","0","4","0","Compiling ControlRigGizmoMaterial: Platform=PCD3D_SM5, Usage=LightingModel=MSM_Unlit, BlendMode=BLEND_Opaque, SpecialEngine=0, TwoSided=0, TSNormal=1, Masked=0, Distorted=0, WritesEveryPixel=1, ModifiesMeshPosition=0, Usage={}"
"/Engine/EngineMaterials/NaniteHiddenSectionMaterial.NaniteHiddenSectionMaterial","0","0","0","27","0","Compiling NaniteHiddenSectionMaterial: Platform=PCD3D_SM5, Usage=LightingModel=MSM_DefaultLit, BlendMode=BLEND_Opaque, SpecialEngine=0, TwoSided=1, TSNormal=1, Masked=0, Distorted=0, WritesEveryPixel=1, ModifiesMeshPosition=1, Usage={}"
"/Engine/EngineDebugMaterials/DebugEditorMaterial.DebugEditorMaterial","0","0","0","6","0","Compiling DebugEditorMaterial: Platform=PCD3D_SM5, Usage=LightingModel=MSM_Unlit, BlendMode=BLEND_Opaque, SpecialEngine=0, TwoSided=1, TSNormal=1, Masked=0, Distorted=0, WritesEveryPixel=1, ModifiesMeshPosition=0, Usage={}"
"/Engine/EditorMaterials/PhAT_NoCollisionMaterial.PhAT_NoCollisionMaterial","0","0","0","3","0","Compiling PhAT_NoCollisionMaterial: Platform=PCD3D_SM5, Usage=LightingModel=MSM_Unlit, BlendMode=BLEND_Translucent, SpecialEngine=0, TwoSided=0, TSNormal=1, Masked=0, Distorted=0, WritesEveryPixel=1, ModifiesMeshPosition=0, Usage={}"
"/Engine/EditorMaterials/PhAT_UnselectedMaterial.PhAT_UnselectedMaterial","0","0","0","3","0","Compiling PhAT_UnselectedMaterial: Platform=PCD3D_SM5, Usage=LightingModel=MSM_Unlit, BlendMode=BLEND_Translucent, SpecialEngine=0, TwoSided=0, TSNormal=1, Masked=0, Distorted=0, WritesEveryPixel=1, ModifiesMeshPosition=0, Usage={}"
"/MeshModelingToolset/Materials/M_DynamicMeshComponentVtxColor.M_DynamicMeshComponentVtxColor","0","0","0","18","0","Compiling M_DynamicMeshComponentVtxColor: Platform=PCD3D_SM5, Usage=LightingModel=MSM_DefaultLit, BlendMode=BLEND_Opaque, SpecialEngine=0, TwoSided=1, TSNormal=1, Masked=0, Distorted=0, WritesEveryPixel=1, ModifiesMeshPosition=0, Usage={}"
"/Engine/EngineMaterials/GizmoMaterial.GizmoMaterial","0","0","0","6","0","Compiling GizmoMaterial: Platform=PCD3D_SM5, Usage=LightingModel=MSM_Unlit, BlendMode=BLEND_Opaque, SpecialEngine=0, TwoSided=1, TSNormal=1, Masked=0, Distorted=0, WritesEveryPixel=1, ModifiesMeshPosition=0, Usage={}"
"/Engine/EngineDebugMaterials/DebugMeshMaterial.DebugMeshMaterial","0","0","0","5","0","Compiling DebugMeshMaterial: Platform=PCD3D_SM5, Usage=LightingModel=MSM_Unlit, BlendMode=BLEND_Translucent, SpecialEngine=0, TwoSided=1, TSNormal=1, Masked=0, Distorted=0, WritesEveryPixel=1, ModifiesMeshPosition=0, Usage={}"
"/Engine/EngineMaterials/RemoveSurfaceMaterial.RemoveSurfaceMaterial","0","0","0","4","0","Compiling RemoveSurfaceMaterial: Platform=PCD3D_SM5, Usage=LightingModel=MSM_Unlit, BlendMode=BLEND_Opaque, SpecialEngine=0, TwoSided=0, TSNormal=1, Masked=0, Distorted=0, WritesEveryPixel=1, ModifiesMeshPosition=0, Usage={bUsedWithStaticLighting}"
"/ControlRig/Controls/ControlRigXRayMaterial.ControlRigXRayMaterial","0","0","0","7","0","Compiling ControlRigXRayMaterial: Platform=PCD3D_SM5, Usage=LightingModel=MSM_Unlit, BlendMode=BLEND_Translucent, SpecialEngine=0, TwoSided=0, TSNormal=1, Masked=0, Distorted=0, WritesEveryPixel=1, ModifiesMeshPosition=1, Usage={bUsedWithStaticLighting}"
"/Engine/EditorLandscapeResources/SplineEditorMeshMat.SplineEditorMeshMat","0","0","0","10","0","Compiling SplineEditorMeshMat: Platform=PCD3D_SM5, Usage=LightingModel=MSM_Unlit, BlendMode=BLEND_Opaque, SpecialEngine=0, TwoSided=1, TSNormal=1, Masked=0, Distorted=0, WritesEveryPixel=1, ModifiesMeshPosition=0, Usage={bUsedWithSplineMeshes}"
"/Engine/EngineDebugMaterials/M_SimpleUnlitTranslucent.M_SimpleUnlitTranslucent","0","0","0","3","0","Compiling M_SimpleUnlitTranslucent: Platform=PCD3D_SM5, Usage=LightingModel=MSM_Unlit, BlendMode=BLEND_Translucent, SpecialEngine=0, TwoSided=0, TSNormal=1, Masked=0, Distorted=0, WritesEveryPixel=1, ModifiesMeshPosition=0, Usage={}"
"/Engine/EditorMaterials/Camera/CineMat.CineMat","0","0","0","26","0","Compiling CineMat: Platform=PCD3D_SM5, Usage=LightingModel=MSM_DefaultLit, BlendMode=BLEND_Opaque, SpecialEngine=0, TwoSided=0, TSNormal=1, Masked=0, Distorted=0, WritesEveryPixel=1, ModifiesMeshPosition=0, Usage={bUsedWithSplineMeshes}"
"/Engine/VREditor/TransformGizmo/Xray.Xray","0","0","0","14","0","Compiling Xray: Platform=PCD3D_SM5, Usage=LightingModel=MSM_DefaultLit, BlendMode=BLEND_Opaque, SpecialEngine=0, TwoSided=0, TSNormal=1, Masked=0, Distorted=0, WritesEveryPixel=1, ModifiesMeshPosition=0, Usage={}"
"/Engine/VREditor/TransformGizmo/Main.Main","0","0","0","3","0","Compiling Main: Platform=PCD3D_SM5, Usage=LightingModel=MSM_Unlit, BlendMode=BLEND_Translucent, SpecialEngine=0, TwoSided=0, TSNormal=1, Masked=0, Distorted=0, WritesEveryPixel=1, ModifiesMeshPosition=0, Usage={}"
"/Engine/VREditor/TransformGizmo/TranslucentTransformGizmoMaterial.TranslucentTransformGizmoMaterial","0","0","0","3","0","Compiling TranslucentTransformGizmoMaterial: Platform=PCD3D_SM5, Usage=LightingModel=MSM_Unlit, BlendMode=BLEND_Translucent, SpecialEngine=0, TwoSided=0, TSNormal=1, Masked=0, Distorted=0, WritesEveryPixel=1, ModifiesMeshPosition=0, Usage={}"
"/Engine/EngineMaterials/DefaultLightFunctionMaterial.DefaultLightFunctionMaterial","0","0","0","35","0","Compiling DefaultLightFunctionMaterial: Platform=PCD3D_SM5, Usage=LightingModel=MSM_Unlit, BlendMode=BLEND_Opaque, SpecialEngine=0, TwoSided=0, TSNormal=1, Masked=0, Distorted=0, WritesEveryPixel=1, ModifiesMeshPosition=0, Usage={}"
"/Game/LevelPrototyping/Materials/M_Solid.M_Solid","0","0","0","26","0","Compiling M_Solid: Platform=PCD3D_SM5, Usage=LightingModel=MSM_DefaultLit, BlendMode=BLEND_Opaque, SpecialEngine=0, TwoSided=0, TSNormal=1, Masked=0, Distorted=0, WritesEveryPixel=1, ModifiesMeshPosition=0, Usage={bUsedWithSkeletalMesh}"
"/Engine/VREditor/TransformGizmo/TransformGizmoMaterial.TransformGizmoMaterial","0","0","0","4","0","Compiling TransformGizmoMaterial: Platform=PCD3D_SM5, Usage=LightingModel=MSM_Unlit, BlendMode=BLEND_Opaque, SpecialEngine=0, TwoSided=0, TSNormal=1, Masked=0, Distorted=0, WritesEveryPixel=1, ModifiesMeshPosition=0, Usage={}"
"/Engine/EngineMaterials/Widget3DPassThrough.Widget3DPassThrough","0","0","0","3","3","Compiling Widget3DPassThrough: Platform=PCD3D_SM5, Usage=LightingModel=MSM_Unlit, BlendMode=BLEND_Translucent, SpecialEngine=0, TwoSided=0, TSNormal=1, Masked=0, Distorted=0, WritesEveryPixel=1, ModifiesMeshPosition=0, Usage={}"
"/Engine/EngineMaterials/Widget3DPassThrough.Widget3DPassThrough","0","0","0","17","0","Compiling Widget3DPassThrough: Platform=PCD3D_SM5, Usage=LightingModel=MSM_Unlit, BlendMode=BLEND_Masked, SpecialEngine=0, TwoSided=1, TSNormal=1, Masked=1, Distorted=0, WritesEveryPixel=0, ModifiesMeshPosition=0, Usage={}"
"/Engine/EngineMaterials/Widget3DPassThrough.Widget3DPassThrough","0","0","0","6","0","Compiling Widget3DPassThrough: Platform=PCD3D_SM5, Usage=LightingModel=MSM_Unlit, BlendMode=BLEND_Opaque, SpecialEngine=0, TwoSided=1, TSNormal=1, Masked=0, Distorted=0, WritesEveryPixel=1, ModifiesMeshPosition=0, Usage={}"
"/Engine/EngineMaterials/Widget3DPassThrough.Widget3DPassThrough","0","0","0","5","0","Compiling Widget3DPassThrough: Platform=PCD3D_SM5, Usage=LightingModel=MSM_Unlit, BlendMode=BLEND_Translucent, SpecialEngine=0, TwoSided=1, TSNormal=1, Masked=0, Distorted=0, WritesEveryPixel=1, ModifiesMeshPosition=0, Usage={}"
"/Engine/EngineMaterials/Widget3DPassThrough.Widget3DPassThrough","0","0","0","17","0","Compiling Widget3DPassThrough: Platform=PCD3D_SM5, Usage=LightingModel=MSM_Unlit, BlendMode=BLEND_Masked, SpecialEngine=0, TwoSided=0, TSNormal=1, Masked=1, Distorted=0, WritesEveryPixel=0, ModifiesMeshPosition=0, Usage={}"
"/Engine/EngineMaterials/Widget3DPassThrough.Widget3DPassThrough","0","0","0","4","0","Compiling Widget3DPassThrough: Platform=PCD3D_SM5, Usage=LightingModel=MSM_Unlit, BlendMode=BLEND_Opaque, SpecialEngine=0, TwoSided=0, TSNormal=1, Masked=0, Distorted=0, WritesEveryPixel=1, ModifiesMeshPosition=0, Usage={}"
"/Engine/EngineSky/VolumetricClouds/m_SimpleVolumetricCloud.m_SimpleVolumetricCloud","0","0","0","68","0","Compiling m_SimpleVolumetricCloud: Platform=PCD3D_SM5, Usage=LightingModel=MSM_DefaultLit, BlendMode=BLEND_Additive, SpecialEngine=0, TwoSided=0, TSNormal=1, Masked=0, Distorted=0, WritesEveryPixel=1, ModifiesMeshPosition=0, Usage={bUsedWithVolumetricCloud}"
"/Engine/EngineMaterials/DefaultDeferredDecalMaterial.DefaultDeferredDecalMaterial","0","0","0","87","0","Compiling DefaultDeferredDecalMaterial: Platform=PCD3D_SM5, Usage=LightingModel=MSM_DefaultLit, BlendMode=BLEND_Translucent, SpecialEngine=0, TwoSided=0, TSNormal=1, Masked=0, Distorted=0, WritesEveryPixel=1, ModifiesMeshPosition=0, Usage={bUsedWithSkeletalMesh,bUsedWithStaticLighting,bUsedWithSplineMeshes}"
"/ControlRig/M_Manip.M_Manip","0","0","0","7","0","Compiling M_Manip: Platform=PCD3D_SM5, Usage=LightingModel=MSM_Unlit, BlendMode=BLEND_Translucent, SpecialEngine=0, TwoSided=0, TSNormal=1, Masked=0, Distorted=0, WritesEveryPixel=1, ModifiesMeshPosition=1, Usage={}"
"/Paper2D/DefaultSpriteMaterial.DefaultSpriteMaterial","0","0","0","32","0","Compiling DefaultSpriteMaterial: Platform=PCD3D_SM5, Usage=LightingModel=MSM_Unlit, BlendMode=BLEND_Masked, SpecialEngine=0, TwoSided=1, TSNormal=1, Masked=1, Distorted=0, WritesEveryPixel=0, ModifiesMeshPosition=0, Usage={bUsedWithNiagaraSprites}"
"/Paper2D/DefaultSpriteMaterial.DefaultSpriteMaterial","0","0","0","10","0","Compiling DefaultSpriteMaterial: Platform=PCD3D_SM5, Usage=LightingModel=MSM_Unlit, BlendMode=BLEND_Opaque, SpecialEngine=0, TwoSided=1, TSNormal=1, Masked=0, Distorted=0, WritesEveryPixel=1, ModifiesMeshPosition=0, Usage={bUsedWithNiagaraSprites}"
"/Engine/BasicShapes/BasicShapeMaterial.BasicShapeMaterial","0","0","0","67","0","Compiling BasicShapeMaterial: Platform=PCD3D_SM5, Usage=LightingModel=MSM_DefaultLit, BlendMode=BLEND_Opaque, SpecialEngine=0, TwoSided=0, TSNormal=1, Masked=0, Distorted=0, WritesEveryPixel=1, ModifiesMeshPosition=0, Usage={bUsedWithStaticLighting,bUsedWithInstancedStaticMeshes,bUsedWithGeometryCollections,bUsedWithNanite}"
"/Engine/EngineMaterials/FlattenMaterial_WS_Normal_VT.FlattenMaterial_WS_Normal_VT","0","0","0","35","0","Compiling FlattenMaterial_WS_Normal_VT: Platform=PCD3D_SM5, Usage=LightingModel=MSM_DefaultLit, BlendMode=BLEND_Opaque, SpecialEngine=0, TwoSided=0, TSNormal=0, Masked=0, Distorted=0, WritesEveryPixel=1, ModifiesMeshPosition=0, Usage={bUsedWithSkeletalMesh,bUsedWithStaticLighting,bUsedWithMorphTargets,bUsedWithNanite}, StaticSwitch'PackMetallic2-1'=False, StaticSwitch'PackRoughness2-1'=False, StaticSwitch'PackSpecular2-1'=False, StaticSwitch'UseAmbientOcclusion2-1'=False, StaticSwitch'UseBaseColor2-1'=False, StaticSwitch'UseCustomUV2-1'=False, StaticSwitch'UseEmissiveColor2-1'=False, StaticSwitch'UseEmissiveHDR2-1'=False, StaticSwitch'UseMetallic2-1'=False, StaticSwitch'UseOpacity2-1'=False, StaticSwitch'UseOpacityMask2-1'=False, StaticSwitch'UseRoughness2-1'=False, StaticSwitch'UseSpecular2-1'=False, StaticSwitch'UseUV12-1'=False, StaticSwitch'UseUV22-1'=False, StaticSwitch'UseUV32-1'=False, StaticSwitch'UseUV42-1'=False, StaticSwitch'UseUV52-1'=False, StaticSwitch'UseUV62-1'=False"
"/Engine/EngineMaterials/FlattenMaterial_VT.FlattenMaterial_VT","0","0","0","35","0","Compiling FlattenMaterial_VT: Platform=PCD3D_SM5, Usage=LightingModel=MSM_DefaultLit, BlendMode=BLEND_Opaque, SpecialEngine=0, TwoSided=0, TSNormal=1, Masked=0, Distorted=0, WritesEveryPixel=1, ModifiesMeshPosition=0, Usage={bUsedWithSkeletalMesh,bUsedWithStaticLighting,bUsedWithMorphTargets,bUsedWithNanite}, StaticSwitch'PackMetallic2-1'=False, StaticSwitch'PackRoughness2-1'=False, StaticSwitch'PackSpecular2-1'=False, StaticSwitch'UseAmbientOcclusion2-1'=False, StaticSwitch'UseBaseColor2-1'=False, StaticSwitch'UseCustomUV2-1'=False, StaticSwitch'UseEmissiveColor2-1'=False, StaticSwitch'UseEmissiveHDR2-1'=False, StaticSwitch'UseMetallic2-1'=False, StaticSwitch'UseOpacity2-1'=False, StaticSwitch'UseOpacityMask2-1'=False, StaticSwitch'UseRoughness2-1'=False, StaticSwitch'UseSpecular2-1'=False, StaticSwitch'UseUV12-1'=False, StaticSwitch'UseUV22-1'=False, StaticSwitch'UseUV32-1'=False, StaticSwitch'UseUV42-1'=False, StaticSwitch'UseUV52-1'=False, StaticSwitch'UseUV62-1'=False"
"/Engine/EngineMaterials/FlattenMaterial.FlattenMaterial","0","0","0","35","0","Compiling FlattenMaterial: Platform=PCD3D_SM5, Usage=LightingModel=MSM_DefaultLit, BlendMode=BLEND_Opaque, SpecialEngine=0, TwoSided=0, TSNormal=1, Masked=0, Distorted=0, WritesEveryPixel=1, ModifiesMeshPosition=0, Usage={bUsedWithSkeletalMesh,bUsedWithStaticLighting,bUsedWithMorphTargets,bUsedWithNanite}, StaticSwitch'PackMetallic2-1'=False, StaticSwitch'PackRoughness2-1'=False, StaticSwitch'PackSpecular2-1'=False, StaticSwitch'UseAmbientOcclusion2-1'=False, StaticSwitch'UseBaseColor2-1'=False, StaticSwitch'UseCustomUV2-1'=False, StaticSwitch'UseEmissiveColor2-1'=False, StaticSwitch'UseEmissiveHDR2-1'=False, StaticSwitch'UseMetallic2-1'=False, StaticSwitch'UseOpacity2-1'=False, StaticSwitch'UseOpacityMask2-1'=False, StaticSwitch'UseRoughness2-1'=False, StaticSwitch'UseSpecular2-1'=False, StaticSwitch'UseUV12-1'=False, StaticSwitch'UseUV22-1'=False, StaticSwitch'UseUV32-1'=False, StaticSwitch'UseUV42-1'=False, StaticSwitch'UseUV52-1'=False, StaticSwitch'UseUV62-1'=False"
"/Engine/EngineMaterials/M_InvalidLightmapSettings.M_InvalidLightmapSettings","0","0","0","28","0","Compiling M_InvalidLightmapSettings: Platform=PCD3D_SM5, Usage=LightingModel=MSM_DefaultLit, BlendMode=BLEND_Opaque, SpecialEngine=0, TwoSided=0, TSNormal=1, Masked=0, Distorted=0, WritesEveryPixel=1, ModifiesMeshPosition=0, Usage={bUsedWithInstancedStaticMeshes}"
"/Engine/EngineMaterials/EmissiveMeshMaterial.EmissiveMeshMaterial","0","0","0","5","0","Compiling EmissiveMeshMaterial: Platform=PCD3D_SM5, Usage=LightingModel=MSM_Unlit, BlendMode=BLEND_Additive, SpecialEngine=0, TwoSided=1, TSNormal=1, Masked=0, Distorted=0, WritesEveryPixel=1, ModifiesMeshPosition=0, Usage={}"
"/Engine/EngineMaterials/PhAT_JointLimitMaterial.PhAT_JointLimitMaterial","0","0","0","7","0","Compiling PhAT_JointLimitMaterial: Platform=PCD3D_SM5, Usage=LightingModel=MSM_Unlit, BlendMode=BLEND_Translucent, SpecialEngine=0, TwoSided=1, TSNormal=1, Masked=0, Distorted=0, WritesEveryPixel=1, ModifiesMeshPosition=1, Usage={}"
"/Engine/EngineDebugMaterials/M_VolumeRenderSphereTracePP.M_VolumeRenderSphereTracePP","0","0","0","4","0","Compiling M_VolumeRenderSphereTracePP: Platform=PCD3D_SM5, Usage=LightingModel=MSM_Unlit, BlendMode=BLEND_Opaque, SpecialEngine=0, TwoSided=0, TSNormal=1, Masked=0, Distorted=0, WritesEveryPixel=1, ModifiesMeshPosition=0, Usage={}"
"/Engine/EngineMaterials/DefaultPostProcessMaterial.DefaultPostProcessMaterial","0","0","0","6","0","Compiling DefaultPostProcessMaterial: Platform=PCD3D_SM5, Usage=LightingModel=MSM_Unlit, BlendMode=BLEND_Opaque, SpecialEngine=0, TwoSided=0, TSNormal=1, Masked=0, Distorted=0, WritesEveryPixel=1, ModifiesMeshPosition=0, Usage={bUsedWithSkeletalMesh,bUsedWithStaticLighting}"
"/Engine/EngineMaterials/DefaultMaterial.DefaultMaterial","0","0","0","127","0","Compiling DefaultMaterial: Platform=PCD3D_SM5, Usage=LightingModel=MSM_DefaultLit, BlendMode=BLEND_Opaque, SpecialEngine=0, TwoSided=0, TSNormal=1, Masked=0, Distorted=0, WritesEveryPixel=1, ModifiesMeshPosition=0, Usage={bUsedWithSkeletalMesh,bUsedWithMeshParticles,bUsedWithStaticLighting,bUsedWithSplineMeshes,bUsedWithInstancedStaticMeshes,bUsedWithNiagaraSprites,bUsedWithNiagaraRibbons,bUsedWithNiagaraMeshParticles}"
"/Engine/EngineMaterials/WorldGridMaterial.WorldGridMaterial","0","0","0","637","0","Compiling WorldGridMaterial: Platform=PCD3D_SM5, Usage=LightingModel=MSM_DefaultLit, BlendMode=BLEND_Opaque, SpecialEngine=1, TwoSided=0, TSNormal=1, Masked=0, Distorted=0, WritesEveryPixel=1, ModifiesMeshPosition=0, Usage={}"
"/Engine/EngineMaterials/DefaultTextMaterialOpaque.DefaultTextMaterialOpaque","0","0","0","29","0","Compiling DefaultTextMaterialOpaque: Platform=PCD3D_SM5, Usage=LightingModel=MSM_DefaultLit, BlendMode=BLEND_Masked, SpecialEngine=0, TwoSided=1, TSNormal=1, Masked=1, Distorted=0, WritesEveryPixel=0, ModifiesMeshPosition=0, Usage={}"
"/Engine/EngineMaterials/PPM_DefaultCalibrationGrayscale.PPM_DefaultCalibrationGrayscale","0","0","0","4","0","Compiling PPM_DefaultCalibrationGrayscale: Platform=PCD3D_SM5, Usage=LightingModel=MSM_Unlit, BlendMode=BLEND_Opaque, SpecialEngine=0, TwoSided=0, TSNormal=1, Masked=0, Distorted=0, WritesEveryPixel=1, ModifiesMeshPosition=0, Usage={}"
"/Engine/EngineMaterials/PPM_DefaultCalibrationColor.PPM_DefaultCalibrationColor","0","0","0","4","0","Compiling PPM_DefaultCalibrationColor: Platform=PCD3D_SM5, Usage=LightingModel=MSM_Unlit, BlendMode=BLEND_Opaque, SpecialEngine=0, TwoSided=0, TSNormal=1, Masked=0, Distorted=0, WritesEveryPixel=1, ModifiesMeshPosition=0, Usage={}"
"/Engine/EditorMaterials/PreviewShadowIndicatorMaterial.PreviewShadowIndicatorMaterial","0","0","0","35","0","Compiling PreviewShadowIndicatorMaterial: Platform=PCD3D_SM5, Usage=LightingModel=MSM_Unlit, BlendMode=BLEND_Opaque, SpecialEngine=0, TwoSided=0, TSNormal=1, Masked=0, Distorted=0, WritesEveryPixel=1, ModifiesMeshPosition=0, Usage={}"
"/SpeedTreeImporter/SpeedTree9/SpeedTreeBillboardMaster.SpeedTreeBillboardMaster","0","0","0","58","0","Compiling SpeedTreeBillboardMaster: Platform=PCD3D_SM5, Usage=LightingModel=MSM_TwoSidedFoliage, BlendMode=BLEND_Masked, SpecialEngine=0, TwoSided=0, TSNormal=1, Masked=1, Distorted=0, WritesEveryPixel=0, ModifiesMeshPosition=1, Usage={bUsedWithInstancedStaticMeshes}, StaticSwitch'SharedEnable2-1'=True"
"/SpeedTreeImporter/SpeedTree9/SpeedTreeMaster.SpeedTreeMaster","0","0","0","84","0","Compiling SpeedTreeMaster: Platform=PCD3D_SM5, Usage=LightingModel=MSM_TwoSidedFoliage, BlendMode=BLEND_Masked, SpecialEngine=0, TwoSided=1, TSNormal=1, Masked=1, Distorted=0, WritesEveryPixel=0, ModifiesMeshPosition=1, Usage={bUsedWithStaticLighting,bUsedWithInstancedStaticMeshes}, StaticSwitch'Branch1Enable2-1'=True, StaticSwitch'Branch2Enable2-1'=False, StaticSwitch'FlipBacksideNormals2-1'=True, StaticSwitch'HandleCameraFacing2-1'=False, StaticSwitch'HasBranch2Data_Internal2-1'=False, StaticSwitch'RippleEnable2-1'=True, StaticSwitch'RippleShimmerEnable2-1'=False, StaticSwitch'SharedEnable2-1'=True"
"/Game/CharacterBodyFX/Mannequin/Character/Materials/M_Male_Body.M_Male_Body","0","52","0","37","532","Compiling M_Male_Body: Platform=PCD3D_SM5, Usage=LightingModel=MSM_DefaultLit, BlendMode=BLEND_Masked, SpecialEngine=0, TwoSided=0, TSNormal=1, Masked=1, Distorted=0, WritesEveryPixel=0, ModifiesMeshPosition=0, Usage={bUsedWithSkeletalMesh}, StaticSwitch'PlasticOverride2-1'=False"
"/Game/CharacterBodyFX/Mannequin/Character/Materials/M_Male_Body.M_Male_Body","0","52","0","1","430","Compiling M_Male_Body: Platform=PCD3D_SM5, Usage=LightingModel=MSM_DefaultLit, BlendMode=BLEND_Masked, SpecialEngine=0, TwoSided=0, TSNormal=1, Masked=1, Distorted=0, WritesEveryPixel=0, ModifiesMeshPosition=0, Usage={bUsedWithSkeletalMesh}, StaticSwitch'PlasticOverride2-1'=True"
"/Game/CharacterBodyFX/Materials/M_Invisible.M_Invisible","0","52","0","1","334","Compiling M_Invisible: Platform=PCD3D_SM5, Usage=LightingModel=MSM_DefaultLit, BlendMode=BLEND_Masked, SpecialEngine=0, TwoSided=0, TSNormal=1, Masked=1, Distorted=0, WritesEveryPixel=0, ModifiesMeshPosition=0, Usage={bUsedWithSkeletalMesh}"
"/Game/CharacterBodyFX/Materials/M_Floor.M_Floor","0","14","0","1","70","Compiling M_Floor: Platform=PCD3D_SM5, Usage=LightingModel=MSM_DefaultLit, BlendMode=BLEND_Opaque, SpecialEngine=0, TwoSided=0, TSNormal=1, Masked=0, Distorted=0, WritesEveryPixel=1, ModifiesMeshPosition=0, Usage={}"
"/Game/LevelPrototyping/Materials/M_PrototypeGrid.M_PrototypeGrid","0","0","0","23","0","Compiling M_PrototypeGrid: Platform=PCD3D_SM5, Usage=LightingModel=MSM_DefaultLit, BlendMode=BLEND_Opaque, SpecialEngine=0, TwoSided=0, TSNormal=1, Masked=0, Distorted=0, WritesEveryPixel=1, ModifiesMeshPosition=0, Usage={bUsedWithStaticLighting}, StaticSwitch'ObjectAligned2-1'=False, StaticSwitch'TopSurfaceColor2-1'=False"
"/Game/LevelPrototyping/Materials/M_PrototypeGrid.M_PrototypeGrid","0","0","0","23","0","Compiling M_PrototypeGrid: Platform=PCD3D_SM5, Usage=LightingModel=MSM_DefaultLit, BlendMode=BLEND_Opaque, SpecialEngine=0, TwoSided=0, TSNormal=1, Masked=0, Distorted=0, WritesEveryPixel=1, ModifiesMeshPosition=0, Usage={bUsedWithStaticLighting}, StaticSwitch'ObjectAligned2-1'=True, StaticSwitch'TopSurfaceColor2-1'=True"
"/Game/LevelPrototyping/Materials/M_PrototypeGrid.M_PrototypeGrid","0","0","0","23","0","Compiling M_PrototypeGrid: Platform=PCD3D_SM5, Usage=LightingModel=MSM_DefaultLit, BlendMode=BLEND_Opaque, SpecialEngine=0, TwoSided=0, TSNormal=1, Masked=0, Distorted=0, WritesEveryPixel=1, ModifiesMeshPosition=0, Usage={bUsedWithStaticLighting}, StaticSwitch'ObjectAligned2-1'=True, StaticSwitch'TopSurfaceColor2-1'=False"
"/Game/Assetes/Table/Black.Black","0","14","0","1","67","Compiling Black: Platform=PCD3D_SM5, Usage=LightingModel=MSM_DefaultLit, BlendMode=BLEND_Opaque, SpecialEngine=0, TwoSided=0, TSNormal=1, Masked=0, Distorted=0, WritesEveryPixel=1, ModifiesMeshPosition=0, Usage={bUsedWithNanite}"
"/Game/Assetes/Storge/Mats/Locker_with_blood.Locker_with_blood","0","14","0","3","43","Compiling Locker_with_blood: Platform=PCD3D_SM5, Usage=LightingModel=MSM_DefaultLit, BlendMode=BLEND_Opaque, SpecialEngine=0, TwoSided=0, TSNormal=1, Masked=0, Distorted=0, WritesEveryPixel=1, ModifiesMeshPosition=0, Usage={bUsedWithNanite}"
"/Game/Assetes/Body_PARTS/Foot/WorldWar_zombie_material.WorldWar_zombie_material","0","14","0","1","37","Compiling WorldWar_zombie_material: Platform=PCD3D_SM5, Usage=LightingModel=MSM_DefaultLit, BlendMode=BLEND_Opaque, SpecialEngine=0, TwoSided=0, TSNormal=1, Masked=0, Distorted=0, WritesEveryPixel=1, ModifiesMeshPosition=0, Usage={bUsedWithNanite}"
"/Game/Assetes/Beds/Mats/Crib.Crib","0","14","0","1","35","Compiling Crib: Platform=PCD3D_SM5, Usage=LightingModel=MSM_DefaultLit, BlendMode=BLEND_Opaque, SpecialEngine=0, TwoSided=0, TSNormal=1, Masked=0, Distorted=0, WritesEveryPixel=1, ModifiesMeshPosition=0, Usage={bUsedWithNanite}"
"/Game/Assetes/Beds/Mats/Black.Black","0","14","0","1","37","Compiling Black: Platform=PCD3D_SM5, Usage=LightingModel=MSM_DefaultLit, BlendMode=BLEND_Opaque, SpecialEngine=0, TwoSided=0, TSNormal=1, Masked=0, Distorted=0, WritesEveryPixel=1, ModifiesMeshPosition=0, Usage={bUsedWithNanite}"
"/Game/Assetes/Beds/Mats/BEd.BEd","0","14","0","1","33","Compiling BEd: Platform=PCD3D_SM5, Usage=LightingModel=MSM_DefaultLit, BlendMode=BLEND_Opaque, SpecialEngine=0, TwoSided=0, TSNormal=1, Masked=0, Distorted=0, WritesEveryPixel=1, ModifiesMeshPosition=0, Usage={bUsedWithNanite}"
"/Game/Assetes/Beds/Mats/Logo.Logo","0","14","0","2","40","Compiling Logo: Platform=PCD3D_SM5, Usage=LightingModel=MSM_DefaultLit, BlendMode=BLEND_Opaque, SpecialEngine=0, TwoSided=0, TSNormal=1, Masked=0, Distorted=0, WritesEveryPixel=1, ModifiesMeshPosition=0, Usage={bUsedWithNanite}"
"/Game/Assetes/Beds/Crip/Crib.Crib","0","14","0","1","63","Compiling Crib: Platform=PCD3D_SM5, Usage=LightingModel=MSM_DefaultLit, BlendMode=BLEND_Opaque, SpecialEngine=0, TwoSided=0, TSNormal=1, Masked=0, Distorted=0, WritesEveryPixel=1, ModifiesMeshPosition=0, Usage={bUsedWithNanite}"
"/Game/PSX/PSX_Pixie.PSX_Pixie","0","4","0","4","5","Compiling PSX_Pixie: Platform=PCD3D_SM5, Usage=LightingModel=MSM_Unlit, BlendMode=BLEND_Opaque, SpecialEngine=0, TwoSided=0, TSNormal=1, Masked=0, Distorted=0, WritesEveryPixel=1, ModifiesMeshPosition=0, Usage={}"
"/Game/CharacterBodyFX/Materials/M_LightOrb.M_LightOrb","0","26","0","1","125","Compiling M_LightOrb: Platform=PCD3D_SM5, Usage=LightingModel=MSM_DefaultLit, BlendMode=BLEND_Opaque, SpecialEngine=0, TwoSided=0, TSNormal=1, Masked=0, Distorted=0, WritesEveryPixel=1, ModifiesMeshPosition=0, Usage={bUsedWithNiagaraMeshParticles}, StaticSwitch'Invert Fresnel (B)2-1'=True"
"/Game/CharacterBodyFX/Materials/M_Flower_05.M_Flower_05","0","46","0","1","298","Compiling M_Flower_05: Platform=PCD3D_SM5, Usage=LightingModel=MSM_Subsurface, BlendMode=BLEND_Opaque, SpecialEngine=0, TwoSided=1, TSNormal=1, Masked=0, Distorted=0, WritesEveryPixel=1, ModifiesMeshPosition=1, Usage={bUsedWithNiagaraMeshParticles}"
"/Game/CharacterBodyFX/Materials/M_Flower_04.M_Flower_04","0","46","0","3","397","Compiling M_Flower_04: Platform=PCD3D_SM5, Usage=LightingModel=MSM_Subsurface, BlendMode=BLEND_Opaque, SpecialEngine=0, TwoSided=1, TSNormal=1, Masked=0, Distorted=0, WritesEveryPixel=1, ModifiesMeshPosition=1, Usage={bUsedWithNiagaraMeshParticles}"
"/Game/CharacterBodyFX/Materials/M_Flower_03.M_Flower_03","0","46","0","1","427","Compiling M_Flower_03: Platform=PCD3D_SM5, Usage=LightingModel=MSM_Subsurface, BlendMode=BLEND_Opaque, SpecialEngine=0, TwoSided=1, TSNormal=1, Masked=0, Distorted=0, WritesEveryPixel=1, ModifiesMeshPosition=1, Usage={bUsedWithNiagaraMeshParticles}"
"/Game/Assetes/Beds/Mats/Wood_And_Metal.Wood_And_Metal","0","14","0","4","79","Compiling Wood_And_Metal: Platform=PCD3D_SM5, Usage=LightingModel=MSM_DefaultLit, BlendMode=BLEND_Opaque, SpecialEngine=0, TwoSided=0, TSNormal=1, Masked=0, Distorted=0, WritesEveryPixel=1, ModifiesMeshPosition=0, Usage={bUsedWithNanite}"
"/Game/Assetes/Beds/Mats/Gurney.Gurney","0","14","0","3","36","Compiling Gurney: Platform=PCD3D_SM5, Usage=LightingModel=MSM_DefaultLit, BlendMode=BLEND_Opaque, SpecialEngine=0, TwoSided=0, TSNormal=1, Masked=0, Distorted=0, WritesEveryPixel=1, ModifiesMeshPosition=0, Usage={bUsedWithNanite}"
"/Engine/EngineSky/M_Sky_Panning_Clouds2.M_Sky_Panning_Clouds2","0","0","0","4","0","Compiling M_Sky_Panning_Clouds2: Platform=PCD3D_SM5, Usage=LightingModel=MSM_Unlit, BlendMode=BLEND_Opaque, SpecialEngine=0, TwoSided=0, TSNormal=1, Masked=0, Distorted=0, WritesEveryPixel=1, ModifiesMeshPosition=0, Usage={bUsedWithStaticLighting}"
"/Engine/EngineSky/M_SimpleSkyDome.M_SimpleSkyDome","0","0","0","4","0","Compiling M_SimpleSkyDome: Platform=PCD3D_SM5, Usage=LightingModel=MSM_Unlit, BlendMode=BLEND_Opaque, SpecialEngine=0, TwoSided=0, TSNormal=1, Masked=0, Distorted=0, WritesEveryPixel=1, ModifiesMeshPosition=0, Usage={}"
"/Game/Assetes/Body_PARTS/Hands/MATS_ETC/TEMP/Ch10_body1_001.Ch10_body1_001","0","14","0","7","70","Compiling Ch10_body1_001: Platform=PCD3D_SM5, Usage=LightingModel=MSM_DefaultLit, BlendMode=BLEND_Opaque, SpecialEngine=0, TwoSided=0, TSNormal=1, Masked=0, Distorted=0, WritesEveryPixel=1, ModifiesMeshPosition=0, Usage={bUsedWithNanite}"
"/Game/Assetes/Body_PARTS/Hands/MATS_ETC/TEMP/Ch10_body.Ch10_body","0","14","0","3","70","Compiling Ch10_body: Platform=PCD3D_SM5, Usage=LightingModel=MSM_DefaultLit, BlendMode=BLEND_Opaque, SpecialEngine=0, TwoSided=0, TSNormal=1, Masked=0, Distorted=0, WritesEveryPixel=1, ModifiesMeshPosition=0, Usage={bUsedWithNanite}"
"/Game/Assetes/Body_PARTS/Hands/MATS_ETC/WorldWar_zombie_material.WorldWar_zombie_material","0","14","0","3","64","Compiling WorldWar_zombie_material: Platform=PCD3D_SM5, Usage=LightingModel=MSM_DefaultLit, BlendMode=BLEND_Opaque, SpecialEngine=0, TwoSided=0, TSNormal=1, Masked=0, Distorted=0, WritesEveryPixel=1, ModifiesMeshPosition=0, Usage={bUsedWithNanite}"
"/Game/Assetes/Body_PARTS/Hands/WorldWar_zombie_material.WorldWar_zombie_material","0","14","0","1","44","Compiling WorldWar_zombie_material: Platform=PCD3D_SM5, Usage=LightingModel=MSM_DefaultLit, BlendMode=BLEND_Opaque, SpecialEngine=0, TwoSided=0, TSNormal=1, Masked=0, Distorted=0, WritesEveryPixel=1, ModifiesMeshPosition=0, Usage={bUsedWithNanite}"
"/Game/Assetes/LIGHTS/Flick_Light.Flick_Light","0","35","0","5","205","Compiling Flick_Light: Platform=PCD3D_SM5, Usage=LightingModel=MSM_Unlit, BlendMode=BLEND_Opaque, SpecialEngine=0, TwoSided=0, TSNormal=1, Masked=0, Distorted=0, WritesEveryPixel=1, ModifiesMeshPosition=0, Usage={}"
"/Game/Assetes/Blood/Material_001.Material_001","0","14","0","14","14","Compiling Material_001: Platform=PCD3D_SM5, Usage=LightingModel=MSM_DefaultLit, BlendMode=BLEND_Opaque, SpecialEngine=0, TwoSided=0, TSNormal=1, Masked=0, Distorted=0, WritesEveryPixel=1, ModifiesMeshPosition=0, Usage={bUsedWithNanite}"
"/Game/CharacterBodyFX/Materials/M_Twigs.M_Twigs","0","26","0","2","83","Compiling M_Twigs: Platform=PCD3D_SM5, Usage=LightingModel=MSM_DefaultLit, BlendMode=BLEND_Opaque, SpecialEngine=0, TwoSided=0, TSNormal=1, Masked=0, Distorted=0, WritesEveryPixel=1, ModifiesMeshPosition=0, Usage={bUsedWithNiagaraMeshParticles}"
"/Game/Assetes/Chairs/Material.Material","0","14","0","1","36","Compiling Material: Platform=PCD3D_SM5, Usage=LightingModel=MSM_DefaultLit, BlendMode=BLEND_Opaque, SpecialEngine=0, TwoSided=0, TSNormal=1, Masked=0, Distorted=0, WritesEveryPixel=1, ModifiesMeshPosition=0, Usage={bUsedWithNanite}"
"/Game/Assetes/Chairs/Chair.Chair","0","14","0","4","53","Compiling Chair: Platform=PCD3D_SM5, Usage=LightingModel=MSM_DefaultLit, BlendMode=BLEND_Opaque, SpecialEngine=0, TwoSided=0, TSNormal=1, Masked=0, Distorted=0, WritesEveryPixel=1, ModifiesMeshPosition=0, Usage={bUsedWithNanite}"
"/Game/Assetes/Body_PARTS/Hands/MATS_ETC/TEMP/WorldWar_zombie_material.WorldWar_zombie_material","0","14","0","3","59","Compiling WorldWar_zombie_material: Platform=PCD3D_SM5, Usage=LightingModel=MSM_DefaultLit, BlendMode=BLEND_Opaque, SpecialEngine=0, TwoSided=0, TSNormal=1, Masked=0, Distorted=0, WritesEveryPixel=1, ModifiesMeshPosition=0, Usage={bUsedWithNanite}"
"/Game/Assetes/Body_PARTS/Hands/MATS_ETC/TEMP/Ch10_body1.Ch10_body1","0","14","0","4","50","Compiling Ch10_body1: Platform=PCD3D_SM5, Usage=LightingModel=MSM_DefaultLit, BlendMode=BLEND_Opaque, SpecialEngine=0, TwoSided=0, TSNormal=1, Masked=0, Distorted=0, WritesEveryPixel=1, ModifiesMeshPosition=0, Usage={bUsedWithNanite}"
"/Game/Assetes/Body_PARTS/Parts/parasitezombie_Material1.parasitezombie_Material1","0","14","0","2","54","Compiling parasitezombie_Material1: Platform=PCD3D_SM5, Usage=LightingModel=MSM_DefaultLit, BlendMode=BLEND_Opaque, SpecialEngine=0, TwoSided=0, TSNormal=1, Masked=0, Distorted=0, WritesEveryPixel=1, ModifiesMeshPosition=0, Usage={bUsedWithNanite}"
"/Game/Assetes/Body_PARTS/Hands/MATS_ETC/TEMP/Hands1.Hands1","0","14","0","9","63","Compiling Hands1: Platform=PCD3D_SM5, Usage=LightingModel=MSM_DefaultLit, BlendMode=BLEND_Opaque, SpecialEngine=0, TwoSided=0, TSNormal=1, Masked=0, Distorted=0, WritesEveryPixel=1, ModifiesMeshPosition=0, Usage={bUsedWithNanite}"
"/Game/Assetes/Doors/Dirty_Door.Dirty_Door","0","14","0","4","41","Compiling Dirty_Door: Platform=PCD3D_SM5, Usage=LightingModel=MSM_DefaultLit, BlendMode=BLEND_Opaque, SpecialEngine=0, TwoSided=0, TSNormal=1, Masked=0, Distorted=0, WritesEveryPixel=1, ModifiesMeshPosition=0, Usage={bUsedWithNanite}"
"/Game/Assetes/Doors/Door.Door","0","14","0","6","48","Compiling Door: Platform=PCD3D_SM5, Usage=LightingModel=MSM_DefaultLit, BlendMode=BLEND_Opaque, SpecialEngine=0, TwoSided=0, TSNormal=1, Masked=0, Distorted=0, WritesEveryPixel=1, ModifiesMeshPosition=0, Usage={bUsedWithNanite}"
"/Game/CharacterBodyFX/Materials/M_ToiletPaper.M_ToiletPaper","0","44","0","6","222","Compiling M_ToiletPaper: Platform=PCD3D_SM5, Usage=LightingModel=MSM_DefaultLit, BlendMode=BLEND_Opaque, SpecialEngine=0, TwoSided=1, TSNormal=1, Masked=0, Distorted=0, WritesEveryPixel=1, ModifiesMeshPosition=0, Usage={bUsedWithSkeletalMesh,bUsedWithClothing}"
"/Game/Assetes/Fire_Extinguisher/Mesh_0389_rip_extinguisher1_png.Mesh_0389_rip_extinguisher1_png","0","14","0","14","14","Compiling Mesh_0389_rip_extinguisher1_png: Platform=PCD3D_SM5, Usage=LightingModel=MSM_DefaultLit, BlendMode=BLEND_Opaque, SpecialEngine=0, TwoSided=0, TSNormal=1, Masked=0, Distorted=0, WritesEveryPixel=1, ModifiesMeshPosition=0, Usage={bUsedWithNanite}"
"/Game/Assetes/IV_BAGS/Iv_Bag_Blood.Iv_Bag_Blood","0","14","0","1","58","Compiling Iv_Bag_Blood: Platform=PCD3D_SM5, Usage=LightingModel=MSM_DefaultLit, BlendMode=BLEND_Opaque, SpecialEngine=0, TwoSided=0, TSNormal=1, Masked=0, Distorted=0, WritesEveryPixel=1, ModifiesMeshPosition=0, Usage={bUsedWithNanite}"
"/Game/Assetes/Iron_Stand/Black_Wood.Black_Wood","0","14","0","7","48","Compiling Black_Wood: Platform=PCD3D_SM5, Usage=LightingModel=MSM_DefaultLit, BlendMode=BLEND_Opaque, SpecialEngine=0, TwoSided=0, TSNormal=1, Masked=0, Distorted=0, WritesEveryPixel=1, ModifiesMeshPosition=0, Usage={bUsedWithNanite}"
"/Game/Assetes/Flash_Light/Tex_0110_0_dds_light1_png.Tex_0110_0_dds_light1_png","0","26","0","7","123","Compiling Tex_0110_0_dds_light1_png: Platform=PCD3D_SM5, Usage=LightingModel=MSM_DefaultLit, BlendMode=BLEND_Opaque, SpecialEngine=0, TwoSided=0, TSNormal=1, Masked=0, Distorted=0, WritesEveryPixel=1, ModifiesMeshPosition=0, Usage={bUsedWithSkeletalMesh}"
"/Game/Assetes/Exit/lambert2SG.lambert2SG","0","14","0","14","14","Compiling lambert2SG: Platform=PCD3D_SM5, Usage=LightingModel=MSM_DefaultLit, BlendMode=BLEND_Opaque, SpecialEngine=0, TwoSided=0, TSNormal=1, Masked=0, Distorted=0, WritesEveryPixel=1, ModifiesMeshPosition=0, Usage={bUsedWithNanite}"
"/Game/CharacterBodyFX/Materials/M_StickyNote.M_StickyNote","0","30","0","30","30","Compiling M_StickyNote: Platform=PCD3D_SM5, Usage=LightingModel=MSM_Subsurface, BlendMode=BLEND_Opaque, SpecialEngine=0, TwoSided=1, TSNormal=1, Masked=0, Distorted=0, WritesEveryPixel=1, ModifiesMeshPosition=0, Usage={bUsedWithNiagaraMeshParticles}"
"/Game/CharacterBodyFX/Materials/M_RockCliff.M_RockCliff","0","26","0","9","67","Compiling M_RockCliff: Platform=PCD3D_SM5, Usage=LightingModel=MSM_DefaultLit, BlendMode=BLEND_Opaque, SpecialEngine=0, TwoSided=0, TSNormal=1, Masked=0, Distorted=0, WritesEveryPixel=1, ModifiesMeshPosition=0, Usage={bUsedWithNiagaraMeshParticles}"
"/Game/Assetes/SautCase/Tex_0170_0_dds_case1_png.Tex_0170_0_dds_case1_png","0","14","0","2","58","Compiling Tex_0170_0_dds_case1_png: Platform=PCD3D_SM5, Usage=LightingModel=MSM_DefaultLit, BlendMode=BLEND_Opaque, SpecialEngine=0, TwoSided=0, TSNormal=1, Masked=0, Distorted=0, WritesEveryPixel=1, ModifiesMeshPosition=0, Usage={bUsedWithNanite}"
"/Game/Assetes/KeyBoaed/KeyBOARD1.KeyBOARD1","0","14","0","1","40","Compiling KeyBOARD1: Platform=PCD3D_SM5, Usage=LightingModel=MSM_DefaultLit, BlendMode=BLEND_Opaque, SpecialEngine=0, TwoSided=0, TSNormal=1, Masked=0, Distorted=0, WritesEveryPixel=1, ModifiesMeshPosition=0, Usage={bUsedWithNanite}"
"/Game/Assetes/IV_BAGS/Iv_Bag.Iv_Bag","0","14","0","6","64","Compiling Iv_Bag: Platform=PCD3D_SM5, Usage=LightingModel=MSM_DefaultLit, BlendMode=BLEND_Opaque, SpecialEngine=0, TwoSided=0, TSNormal=1, Masked=0, Distorted=0, WritesEveryPixel=1, ModifiesMeshPosition=0, Usage={bUsedWithNanite}"
"/Game/Assetes/ShotGun/Skeleton.Skeleton","0","14","0","3","56","Compiling Skeleton: Platform=PCD3D_SM5, Usage=LightingModel=MSM_DefaultLit, BlendMode=BLEND_Opaque, SpecialEngine=0, TwoSided=0, TSNormal=1, Masked=0, Distorted=0, WritesEveryPixel=1, ModifiesMeshPosition=0, Usage={bUsedWithNanite}"
"/Game/Assetes/Paper/Metal.Metal","0","14","0","2","50","Compiling Metal: Platform=PCD3D_SM5, Usage=LightingModel=MSM_DefaultLit, BlendMode=BLEND_Opaque, SpecialEngine=0, TwoSided=0, TSNormal=1, Masked=0, Distorted=0, WritesEveryPixel=1, ModifiesMeshPosition=0, Usage={bUsedWithNanite}"
"/Game/Assetes/Iron_Stand/Material.Material","0","14","0","5","58","Compiling Material: Platform=PCD3D_SM5, Usage=LightingModel=MSM_DefaultLit, BlendMode=BLEND_Opaque, SpecialEngine=0, TwoSided=0, TSNormal=1, Masked=0, Distorted=0, WritesEveryPixel=1, ModifiesMeshPosition=0, Usage={bUsedWithNanite}"
"/Game/Assetes/ShotGun/Mats/Skeleton.Skeleton","0","14","0","5","66","Compiling Skeleton: Platform=PCD3D_SM5, Usage=LightingModel=MSM_DefaultLit, BlendMode=BLEND_Opaque, SpecialEngine=0, TwoSided=0, TSNormal=1, Masked=0, Distorted=0, WritesEveryPixel=1, ModifiesMeshPosition=0, Usage={bUsedWithNanite}"
"/Game/CharacterBodyFX/Materials/M_Pixel.M_Pixel","0","36","0","10","177","Compiling M_Pixel: Platform=PCD3D_SM5, Usage=LightingModel=MSM_DefaultLit, BlendMode=BLEND_Additive, SpecialEngine=0, TwoSided=0, TSNormal=1, Masked=0, Distorted=0, WritesEveryPixel=1, ModifiesMeshPosition=0, Usage={bUsedWithNiagaraMeshParticles}"
"/Game/Assetes/Storge/Mats/M_meds_shelf.M_meds_shelf","0","14","0","11","41","Compiling M_meds_shelf: Platform=PCD3D_SM5, Usage=LightingModel=MSM_DefaultLit, BlendMode=BLEND_Opaque, SpecialEngine=0, TwoSided=0, TSNormal=1, Masked=0, Distorted=0, WritesEveryPixel=1, ModifiesMeshPosition=0, Usage={bUsedWithNanite}"
"/Game/Assetes/Storge/Dead_Storge/Main_Box.Main_Box","0","14","0","12","41","Compiling Main_Box: Platform=PCD3D_SM5, Usage=LightingModel=MSM_DefaultLit, BlendMode=BLEND_Opaque, SpecialEngine=0, TwoSided=0, TSNormal=1, Masked=0, Distorted=0, WritesEveryPixel=1, ModifiesMeshPosition=0, Usage={bUsedWithNanite}"
"/Game/Assetes/Storge/Boxes/Storage_Shelves.Storage_Shelves","0","14","0","14","14","Compiling Storage_Shelves: Platform=PCD3D_SM5, Usage=LightingModel=MSM_DefaultLit, BlendMode=BLEND_Opaque, SpecialEngine=0, TwoSided=0, TSNormal=1, Masked=0, Distorted=0, WritesEveryPixel=1, ModifiesMeshPosition=0, Usage={bUsedWithNanite}"
"/Game/Assetes/Sign/Sign_fall.Sign_fall","0","14","0","14","26","Compiling Sign_fall: Platform=PCD3D_SM5, Usage=LightingModel=MSM_DefaultLit, BlendMode=BLEND_Opaque, SpecialEngine=0, TwoSided=0, TSNormal=1, Masked=0, Distorted=0, WritesEveryPixel=1, ModifiesMeshPosition=0, Usage={bUsedWithNanite}"
"/Game/Assetes/ShotGun/Mats/mossberg500.mossberg500","0","14","0","14","24","Compiling mossberg500: Platform=PCD3D_SM5, Usage=LightingModel=MSM_DefaultLit, BlendMode=BLEND_Opaque, SpecialEngine=0, TwoSided=0, TSNormal=1, Masked=0, Distorted=0, WritesEveryPixel=1, ModifiesMeshPosition=0, Usage={bUsedWithNanite}"
"/Game/Assetes/ShotGun/Mats/crow1.crow1","0","14","0","14","21","Compiling crow1: Platform=PCD3D_SM5, Usage=LightingModel=MSM_DefaultLit, BlendMode=BLEND_Opaque, SpecialEngine=0, TwoSided=0, TSNormal=1, Masked=0, Distorted=0, WritesEveryPixel=1, ModifiesMeshPosition=0, Usage={bUsedWithNanite}"
"/Game/Assetes/Walls/Clean/Clean_Wall.Clean_Wall","0","14","0","2","71","Compiling Clean_Wall: Platform=PCD3D_SM5, Usage=LightingModel=MSM_DefaultLit, BlendMode=BLEND_Opaque, SpecialEngine=0, TwoSided=0, TSNormal=1, Masked=0, Distorted=0, WritesEveryPixel=1, ModifiesMeshPosition=0, Usage={bUsedWithNanite}"
"/Game/Assetes/Table/Material.Material","0","14","0","2","48","Compiling Material: Platform=PCD3D_SM5, Usage=LightingModel=MSM_DefaultLit, BlendMode=BLEND_Opaque, SpecialEngine=0, TwoSided=0, TSNormal=1, Masked=0, Distorted=0, WritesEveryPixel=1, ModifiesMeshPosition=0, Usage={bUsedWithNanite}"
"/Game/Assetes/Table/Black_Wood.Black_Wood","0","14","0","5","80","Compiling Black_Wood: Platform=PCD3D_SM5, Usage=LightingModel=MSM_DefaultLit, BlendMode=BLEND_Opaque, SpecialEngine=0, TwoSided=0, TSNormal=1, Masked=0, Distorted=0, WritesEveryPixel=1, ModifiesMeshPosition=0, Usage={bUsedWithNanite}"
"/Game/Assetes/Storge/Mats/Locker.Locker","0","14","0","14","14","Compiling Locker: Platform=PCD3D_SM5, Usage=LightingModel=MSM_DefaultLit, BlendMode=BLEND_Opaque, SpecialEngine=0, TwoSided=0, TSNormal=1, Masked=0, Distorted=0, WritesEveryPixel=1, ModifiesMeshPosition=0, Usage={bUsedWithNanite}"
"/Game/CharacterBodyFX/Materials/M_Crystal.M_Crystal","0","26","0","5","135","Compiling M_Crystal: Platform=PCD3D_SM5, Usage=LightingModel=MSM_Subsurface, BlendMode=BLEND_Opaque, SpecialEngine=0, TwoSided=0, TSNormal=1, Masked=0, Distorted=0, WritesEveryPixel=1, ModifiesMeshPosition=0, Usage={bUsedWithNiagaraMeshParticles}"
"/Game/Assetes/Walls/Dirty/Dirty_Wall.Dirty_Wall","0","14","0","3","54","Compiling Dirty_Wall: Platform=PCD3D_SM5, Usage=LightingModel=MSM_DefaultLit, BlendMode=BLEND_Opaque, SpecialEngine=0, TwoSided=0, TSNormal=1, Masked=0, Distorted=0, WritesEveryPixel=1, ModifiesMeshPosition=0, Usage={bUsedWithNanite}"
"/Game/Assetes/Walls/Clean/Clean_Wall_001.Clean_Wall_001","0","14","0","4","53","Compiling Clean_Wall_001: Platform=PCD3D_SM5, Usage=LightingModel=MSM_DefaultLit, BlendMode=BLEND_Opaque, SpecialEngine=0, TwoSided=0, TSNormal=1, Masked=0, Distorted=0, WritesEveryPixel=1, ModifiesMeshPosition=0, Usage={bUsedWithNanite}"
"/Game/CharacterBodyFX/Materials/M_Coin.M_Coin","0","26","0","26","33","Compiling M_Coin: Platform=PCD3D_SM5, Usage=LightingModel=MSM_DefaultLit, BlendMode=BLEND_Opaque, SpecialEngine=0, TwoSided=0, TSNormal=1, Masked=0, Distorted=0, WritesEveryPixel=1, ModifiesMeshPosition=0, Usage={bUsedWithNiagaraMeshParticles}"
"/Game/CharacterBodyFX/Materials/M_Charcoal.M_Charcoal","0","26","0","3","80","Compiling M_Charcoal: Platform=PCD3D_SM5, Usage=LightingModel=MSM_DefaultLit, BlendMode=BLEND_Opaque, SpecialEngine=0, TwoSided=0, TSNormal=1, Masked=0, Distorted=0, WritesEveryPixel=1, ModifiesMeshPosition=0, Usage={bUsedWithNiagaraMeshParticles}"
"/Game/CharacterBodyFX/Materials/M_ChainLink.M_ChainLink","0","26","0","1","199","Compiling M_ChainLink: Platform=PCD3D_SM5, Usage=LightingModel=MSM_DefaultLit, BlendMode=BLEND_Opaque, SpecialEngine=0, TwoSided=0, TSNormal=1, Masked=0, Distorted=0, WritesEveryPixel=1, ModifiesMeshPosition=0, Usage={bUsedWithSkeletalMesh}"
"/Game/CharacterBodyFX/FX/Fire/Materials/M_Flames.M_Flames","0","6","0","1","22","Compiling M_Flames: Platform=PCD3D_SM5, Usage=LightingModel=MSM_Unlit, BlendMode=BLEND_Translucent, SpecialEngine=0, TwoSided=0, TSNormal=1, Masked=0, Distorted=0, WritesEveryPixel=1, ModifiesMeshPosition=0, Usage={bUsedWithNiagaraSprites}"
"/Game/CharacterBodyFX/FX/Fire/Materials/M_Embers.M_Embers","0","6","0","2","24","Compiling M_Embers: Platform=PCD3D_SM5, Usage=LightingModel=MSM_Unlit, BlendMode=BLEND_Translucent, SpecialEngine=0, TwoSided=0, TSNormal=1, Masked=0, Distorted=0, WritesEveryPixel=1, ModifiesMeshPosition=0, Usage={bUsedWithNiagaraSprites}"
"/Game/Assetes/Wall_Sticker/?????.?????","0","14","0","2","66","Compiling ?????: Platform=PCD3D_SM5, Usage=LightingModel=MSM_DefaultLit, BlendMode=BLEND_Opaque, SpecialEngine=0, TwoSided=0, TSNormal=1, Masked=0, Distorted=0, WritesEveryPixel=1, ModifiesMeshPosition=0, Usage={bUsedWithNanite}"
"/Game/Assetes/Walls/Dirty/Temp_mat.Temp_mat","0","14","0","1","78","Compiling Temp_mat: Platform=PCD3D_SM5, Usage=LightingModel=MSM_DefaultLit, BlendMode=BLEND_Opaque, SpecialEngine=0, TwoSided=0, TSNormal=1, Masked=0, Distorted=0, WritesEveryPixel=1, ModifiesMeshPosition=0, Usage={}"
"/Game/Assetes/Walls/Dirty/Dirty_floor1.Dirty_floor1","0","14","0","3","64","Compiling Dirty_floor1: Platform=PCD3D_SM5, Usage=LightingModel=MSM_DefaultLit, BlendMode=BLEND_Opaque, SpecialEngine=0, TwoSided=0, TSNormal=1, Masked=0, Distorted=0, WritesEveryPixel=1, ModifiesMeshPosition=0, Usage={bUsedWithNanite}"
"/Game/Assetes/Walls/Dirty/Dirty_Wall_with_door.Dirty_Wall_with_door","0","14","0","8","62","Compiling Dirty_Wall_with_door: Platform=PCD3D_SM5, Usage=LightingModel=MSM_DefaultLit, BlendMode=BLEND_Opaque, SpecialEngine=0, TwoSided=0, TSNormal=1, Masked=0, Distorted=0, WritesEveryPixel=1, ModifiesMeshPosition=0, Usage={bUsedWithNanite}"
"/Game/Assetes/Walls/Clean/hospital-tile-.hospital-tile-","0","14","0","9","52","Compiling hospital-tile-: Platform=PCD3D_SM5, Usage=LightingModel=MSM_DefaultLit, BlendMode=BLEND_Opaque, SpecialEngine=0, TwoSided=0, TSNormal=1, Masked=0, Distorted=0, WritesEveryPixel=1, ModifiesMeshPosition=0, Usage={bUsedWithNanite}"
"/Game/Assetes/window/Material.Material","0","14","0","7","52","Compiling Material: Platform=PCD3D_SM5, Usage=LightingModel=MSM_DefaultLit, BlendMode=BLEND_Opaque, SpecialEngine=0, TwoSided=0, TSNormal=1, Masked=0, Distorted=0, WritesEveryPixel=1, ModifiesMeshPosition=0, Usage={bUsedWithNanite}"
"/Game/CharacterBodyFX/Materials/M_Glitter.M_Glitter","0","26","0","4","107","Compiling M_Glitter: Platform=PCD3D_SM5, Usage=LightingModel=MSM_DefaultLit, BlendMode=BLEND_Opaque, SpecialEngine=0, TwoSided=0, TSNormal=1, Masked=0, Distorted=0, WritesEveryPixel=1, ModifiesMeshPosition=0, Usage={bUsedWithNiagaraMeshParticles}"
"/Game/CharacterBodyFX/Materials/M_Button.M_Button","0","26","0","2","77","Compiling M_Button: Platform=PCD3D_SM5, Usage=LightingModel=MSM_DefaultLit, BlendMode=BLEND_Opaque, SpecialEngine=0, TwoSided=0, TSNormal=1, Masked=0, Distorted=0, WritesEveryPixel=1, ModifiesMeshPosition=0, Usage={bUsedWithNiagaraMeshParticles}"
"/Game/CharacterBodyFX/FX/Fire/Materials/M_Smoke.M_Smoke","0","36","0","6","214","Compiling M_Smoke: Platform=PCD3D_SM5, Usage=LightingModel=MSM_DefaultLit, BlendMode=BLEND_Translucent, SpecialEngine=0, TwoSided=0, TSNormal=1, Masked=0, Distorted=0, WritesEveryPixel=1, ModifiesMeshPosition=0, Usage={bUsedWithNiagaraSprites}"
"/Game/CharacterBodyFX/FX/Glitter/M_Glitter.M_Glitter","0","30","0","18","130","Compiling M_Glitter: Platform=PCD3D_SM5, Usage=LightingModel=MSM_DefaultLit, BlendMode=BLEND_Opaque, SpecialEngine=0, TwoSided=1, TSNormal=1, Masked=0, Distorted=0, WritesEveryPixel=1, ModifiesMeshPosition=0, Usage={bUsedWithNiagaraSprites}"
"/Game/CharacterBodyFX/Materials/M_BrokenGlass.M_BrokenGlass","0","52","0","2","194","Compiling M_BrokenGlass: Platform=PCD3D_SM5, Usage=LightingModel=MSM_DefaultLit, BlendMode=BLEND_Translucent, SpecialEngine=0, TwoSided=1, TSNormal=1, Masked=0, Distorted=1, WritesEveryPixel=1, ModifiesMeshPosition=0, Usage={bUsedWithNiagaraMeshParticles}"
"Globals","49","5088","0","0","0",""
"/Game/CharacterBodyFX/Materials/M_Diamond.M_Diamond","49","52","0","52","52","Compiling M_Diamond: Platform=PCD3D_SM6, Usage=LightingModel=MSM_DefaultLit, BlendMode=BLEND_Translucent, SpecialEngine=0, TwoSided=1, TSNormal=1, Masked=0, Distorted=1, WritesEveryPixel=1, ModifiesMeshPosition=0, Usage={bUsedWithNiagaraMeshParticles}"
"/Game/CharacterBodyFX/Materials/M_Invisible.M_Invisible","49","56","0","29","353","Compiling M_Invisible: Platform=PCD3D_SM6, Usage=LightingModel=MSM_DefaultLit, BlendMode=BLEND_Masked, SpecialEngine=0, TwoSided=0, TSNormal=1, Masked=1, Distorted=0, WritesEveryPixel=0, ModifiesMeshPosition=0, Usage={bUsedWithSkeletalMesh}"
"/Game/CharacterBodyFX/Materials/M_Floor.M_Floor","49","14","0","14","23","Compiling M_Floor: Platform=PCD3D_SM6, Usage=LightingModel=MSM_DefaultLit, BlendMode=BLEND_Opaque, SpecialEngine=0, TwoSided=0, TSNormal=1, Masked=0, Distorted=0, WritesEveryPixel=1, ModifiesMeshPosition=0, Usage={}"
"/Game/Assetes/Table/Black.Black","49","23","0","1","66","Compiling Black: Platform=PCD3D_SM6, Usage=LightingModel=MSM_DefaultLit, BlendMode=BLEND_Opaque, SpecialEngine=0, TwoSided=0, TSNormal=1, Masked=0, Distorted=0, WritesEveryPixel=1, ModifiesMeshPosition=0, Usage={bUsedWithNanite}"
"/Game/Assetes/Storge/Mats/Locker_with_blood.Locker_with_blood","49","23","0","1","71","Compiling Locker_with_blood: Platform=PCD3D_SM6, Usage=LightingModel=MSM_DefaultLit, BlendMode=BLEND_Opaque, SpecialEngine=0, TwoSided=0, TSNormal=1, Masked=0, Distorted=0, WritesEveryPixel=1, ModifiesMeshPosition=0, Usage={bUsedWithNanite}"
"/Game/Assetes/LIGHTS/Flick_Light.Flick_Light","49","43","0","1","588","Compiling Flick_Light: Platform=PCD3D_SM6, Usage=LightingModel=MSM_Unlit, BlendMode=BLEND_Opaque, SpecialEngine=0, TwoSided=0, TSNormal=1, Masked=0, Distorted=0, WritesEveryPixel=1, ModifiesMeshPosition=0, Usage={}"
"/Game/Assetes/Blood/Material_001.Material_001","49","23","0","1","274","Compiling Material_001: Platform=PCD3D_SM6, Usage=LightingModel=MSM_DefaultLit, BlendMode=BLEND_Opaque, SpecialEngine=0, TwoSided=0, TSNormal=1, Masked=0, Distorted=0, WritesEveryPixel=1, ModifiesMeshPosition=0, Usage={bUsedWithNanite}"
"/Game/CharacterBodyFX/Materials/M_Twigs.M_Twigs","49","26","0","2","174","Compiling M_Twigs: Platform=PCD3D_SM6, Usage=LightingModel=MSM_DefaultLit, BlendMode=BLEND_Opaque, SpecialEngine=0, TwoSided=0, TSNormal=1, Masked=0, Distorted=0, WritesEveryPixel=1, ModifiesMeshPosition=0, Usage={bUsedWithNiagaraMeshParticles}"
"/Game/CharacterBodyFX/Materials/M_ToiletPaper.M_ToiletPaper","49","44","0","1","625","Compiling M_ToiletPaper: Platform=PCD3D_SM6, Usage=LightingModel=MSM_DefaultLit, BlendMode=BLEND_Opaque, SpecialEngine=0, TwoSided=1, TSNormal=1, Masked=0, Distorted=0, WritesEveryPixel=1, ModifiesMeshPosition=0, Usage={bUsedWithSkeletalMesh,bUsedWithClothing}"
"/Game/CharacterBodyFX/Materials/M_StickyNote.M_StickyNote","49","30","0","1","232","Compiling M_StickyNote: Platform=PCD3D_SM6, Usage=LightingModel=MSM_Subsurface, BlendMode=BLEND_Opaque, SpecialEngine=0, TwoSided=1, TSNormal=1, Masked=0, Distorted=0, WritesEveryPixel=1, ModifiesMeshPosition=0, Usage={bUsedWithNiagaraMeshParticles}"
"/Game/CharacterBodyFX/Materials/M_RockCliff.M_RockCliff","49","26","0","1","193","Compiling M_RockCliff: Platform=PCD3D_SM6, Usage=LightingModel=MSM_DefaultLit, BlendMode=BLEND_Opaque, SpecialEngine=0, TwoSided=0, TSNormal=1, Masked=0, Distorted=0, WritesEveryPixel=1, ModifiesMeshPosition=0, Usage={bUsedWithNiagaraMeshParticles}"
"/Game/CharacterBodyFX/Materials/M_Pixel.M_Pixel","49","36","0","2","473","Compiling M_Pixel: Platform=PCD3D_SM6, Usage=LightingModel=MSM_DefaultLit, BlendMode=BLEND_Additive, SpecialEngine=0, TwoSided=0, TSNormal=1, Masked=0, Distorted=0, WritesEveryPixel=1, ModifiesMeshPosition=0, Usage={bUsedWithNiagaraMeshParticles}"
"/Game/CharacterBodyFX/Materials/M_Crystal.M_Crystal","49","26","0","1","169","Compiling M_Crystal: Platform=PCD3D_SM6, Usage=LightingModel=MSM_Subsurface, BlendMode=BLEND_Opaque, SpecialEngine=0, TwoSided=0, TSNormal=1, Masked=0, Distorted=0, WritesEveryPixel=1, ModifiesMeshPosition=0, Usage={bUsedWithNiagaraMeshParticles}"
"/Game/CharacterBodyFX/Materials/M_Coin.M_Coin","49","26","0","1","126","Compiling M_Coin: Platform=PCD3D_SM6, Usage=LightingModel=MSM_DefaultLit, BlendMode=BLEND_Opaque, SpecialEngine=0, TwoSided=0, TSNormal=1, Masked=0, Distorted=0, WritesEveryPixel=1, ModifiesMeshPosition=0, Usage={bUsedWithNiagaraMeshParticles}"
"/Game/CharacterBodyFX/Materials/M_Charcoal.M_Charcoal","49","26","0","1","317","Compiling M_Charcoal: Platform=PCD3D_SM6, Usage=LightingModel=MSM_DefaultLit, BlendMode=BLEND_Opaque, SpecialEngine=0, TwoSided=0, TSNormal=1, Masked=0, Distorted=0, WritesEveryPixel=1, ModifiesMeshPosition=0, Usage={bUsedWithNiagaraMeshParticles}"
"/Game/CharacterBodyFX/Materials/M_ChainLink.M_ChainLink","49","26","0","1","156","Compiling M_ChainLink: Platform=PCD3D_SM6, Usage=LightingModel=MSM_DefaultLit, BlendMode=BLEND_Opaque, SpecialEngine=0, TwoSided=0, TSNormal=1, Masked=0, Distorted=0, WritesEveryPixel=1, ModifiesMeshPosition=0, Usage={bUsedWithSkeletalMesh}"
"/Game/CharacterBodyFX/Materials/M_Glitter.M_Glitter","49","26","0","1","273","Compiling M_Glitter: Platform=PCD3D_SM6, Usage=LightingModel=MSM_DefaultLit, BlendMode=BLEND_Opaque, SpecialEngine=0, TwoSided=0, TSNormal=1, Masked=0, Distorted=0, WritesEveryPixel=1, ModifiesMeshPosition=0, Usage={bUsedWithNiagaraMeshParticles}"
"/Game/CharacterBodyFX/Materials/M_Button.M_Button","49","26","0","3","250","Compiling M_Button: Platform=PCD3D_SM6, Usage=LightingModel=MSM_DefaultLit, BlendMode=BLEND_Opaque, SpecialEngine=0, TwoSided=0, TSNormal=1, Masked=0, Distorted=0, WritesEveryPixel=1, ModifiesMeshPosition=0, Usage={bUsedWithNiagaraMeshParticles}"
"/Game/CharacterBodyFX/FX/Glitter/M_Glitter.M_Glitter","49","30","0","1","305","Compiling M_Glitter: Platform=PCD3D_SM6, Usage=LightingModel=MSM_DefaultLit, BlendMode=BLEND_Opaque, SpecialEngine=0, TwoSided=1, TSNormal=1, Masked=0, Distorted=0, WritesEveryPixel=1, ModifiesMeshPosition=0, Usage={bUsedWithNiagaraSprites}"
"/Game/CharacterBodyFX/Materials/M_BrokenGlass.M_BrokenGlass","49","52","0","1","669","Compiling M_BrokenGlass: Platform=PCD3D_SM6, Usage=LightingModel=MSM_DefaultLit, BlendMode=BLEND_Translucent, SpecialEngine=0, TwoSided=1, TSNormal=1, Masked=0, Distorted=1, WritesEveryPixel=1, ModifiesMeshPosition=0, Usage={bUsedWithNiagaraMeshParticles}"
"/Game/CharacterBodyFX/FX/Fire/Materials/M_Smoke.M_Smoke","49","36","0","1","293","Compiling M_Smoke: Platform=PCD3D_SM6, Usage=LightingModel=MSM_DefaultLit, BlendMode=BLEND_Translucent, SpecialEngine=0, TwoSided=0, TSNormal=1, Masked=0, Distorted=0, WritesEveryPixel=1, ModifiesMeshPosition=0, Usage={bUsedWithNiagaraSprites}"
"/Game/CharacterBodyFX/FX/Fire/Materials/M_Flames.M_Flames","49","6","0","1","26","Compiling M_Flames: Platform=PCD3D_SM6, Usage=LightingModel=MSM_Unlit, BlendMode=BLEND_Translucent, SpecialEngine=0, TwoSided=0, TSNormal=1, Masked=0, Distorted=0, WritesEveryPixel=1, ModifiesMeshPosition=0, Usage={bUsedWithNiagaraSprites}"
"/Game/Assetes/window/Material.Material","49","23","0","2","167","Compiling Material: Platform=PCD3D_SM6, Usage=LightingModel=MSM_DefaultLit, BlendMode=BLEND_Opaque, SpecialEngine=0, TwoSided=0, TSNormal=1, Masked=0, Distorted=0, WritesEveryPixel=1, ModifiesMeshPosition=0, Usage={bUsedWithNanite}"
"/Game/Assetes/Walls/Dirty/Temp_mat.Temp_mat","49","14","0","1","72","Compiling Temp_mat: Platform=PCD3D_SM6, Usage=LightingModel=MSM_DefaultLit, BlendMode=BLEND_Opaque, SpecialEngine=0, TwoSided=0, TSNormal=1, Masked=0, Distorted=0, WritesEveryPixel=1, ModifiesMeshPosition=0, Usage={}"
"/Game/Assetes/Walls/Dirty/Dirty_Wall_with_door.Dirty_Wall_with_door","49","23","0","2","179","Compiling Dirty_Wall_with_door: Platform=PCD3D_SM6, Usage=LightingModel=MSM_DefaultLit, BlendMode=BLEND_Opaque, SpecialEngine=0, TwoSided=0, TSNormal=1, Masked=0, Distorted=0, WritesEveryPixel=1, ModifiesMeshPosition=0, Usage={bUsedWithNanite}"
"/Game/Assetes/Walls/Clean/hospital-tile-.hospital-tile-","49","23","0","1","165","Compiling hospital-tile-: Platform=PCD3D_SM6, Usage=LightingModel=MSM_DefaultLit, BlendMode=BLEND_Opaque, SpecialEngine=0, TwoSided=0, TSNormal=1, Masked=0, Distorted=0, WritesEveryPixel=1, ModifiesMeshPosition=0, Usage={bUsedWithNanite}"
"/Game/CharacterBodyFX/FX/Fire/Materials/M_Embers.M_Embers","49","6","0","1","17","Compiling M_Embers: Platform=PCD3D_SM6, Usage=LightingModel=MSM_Unlit, BlendMode=BLEND_Translucent, SpecialEngine=0, TwoSided=0, TSNormal=1, Masked=0, Distorted=0, WritesEveryPixel=1, ModifiesMeshPosition=0, Usage={bUsedWithNiagaraSprites}"
"/Game/Assetes/Wall_Sticker/?????.?????","49","23","0","1","159","Compiling ?????: Platform=PCD3D_SM6, Usage=LightingModel=MSM_DefaultLit, BlendMode=BLEND_Opaque, SpecialEngine=0, TwoSided=0, TSNormal=1, Masked=0, Distorted=0, WritesEveryPixel=1, ModifiesMeshPosition=0, Usage={bUsedWithNanite}"
"/Game/Assetes/Walls/Dirty/Dirty_floor1.Dirty_floor1","49","23","0","1","182","Compiling Dirty_floor1: Platform=PCD3D_SM6, Usage=LightingModel=MSM_DefaultLit, BlendMode=BLEND_Opaque, SpecialEngine=0, TwoSided=0, TSNormal=1, Masked=0, Distorted=0, WritesEveryPixel=1, ModifiesMeshPosition=0, Usage={bUsedWithNanite}"
"/Game/Assetes/Walls/Dirty/Dirty_Wall.Dirty_Wall","49","23","0","1","130","Compiling Dirty_Wall: Platform=PCD3D_SM6, Usage=LightingModel=MSM_DefaultLit, BlendMode=BLEND_Opaque, SpecialEngine=0, TwoSided=0, TSNormal=1, Masked=0, Distorted=0, WritesEveryPixel=1, ModifiesMeshPosition=0, Usage={bUsedWithNanite}"
"/Game/Assetes/Walls/Clean/Clean_Wall_001.Clean_Wall_001","49","23","0","2","154","Compiling Clean_Wall_001: Platform=PCD3D_SM6, Usage=LightingModel=MSM_DefaultLit, BlendMode=BLEND_Opaque, SpecialEngine=0, TwoSided=0, TSNormal=1, Masked=0, Distorted=0, WritesEveryPixel=1, ModifiesMeshPosition=0, Usage={bUsedWithNanite}"
"/Game/Assetes/Table/Black_Wood.Black_Wood","49","23","0","2","112","Compiling Black_Wood: Platform=PCD3D_SM6, Usage=LightingModel=MSM_DefaultLit, BlendMode=BLEND_Opaque, SpecialEngine=0, TwoSided=0, TSNormal=1, Masked=0, Distorted=0, WritesEveryPixel=1, ModifiesMeshPosition=0, Usage={bUsedWithNanite}"
"/Game/Assetes/Storge/Mats/Locker.Locker","49","23","0","1","138","Compiling Locker: Platform=PCD3D_SM6, Usage=LightingModel=MSM_DefaultLit, BlendMode=BLEND_Opaque, SpecialEngine=0, TwoSided=0, TSNormal=1, Masked=0, Distorted=0, WritesEveryPixel=1, ModifiesMeshPosition=0, Usage={bUsedWithNanite}"
"/Game/Assetes/Walls/Clean/Clean_Wall.Clean_Wall","49","23","0","2","137","Compiling Clean_Wall: Platform=PCD3D_SM6, Usage=LightingModel=MSM_DefaultLit, BlendMode=BLEND_Opaque, SpecialEngine=0, TwoSided=0, TSNormal=1, Masked=0, Distorted=0, WritesEveryPixel=1, ModifiesMeshPosition=0, Usage={bUsedWithNanite}"
"/Game/Assetes/Table/Material.Material","49","23","0","1","193","Compiling Material: Platform=PCD3D_SM6, Usage=LightingModel=MSM_DefaultLit, BlendMode=BLEND_Opaque, SpecialEngine=0, TwoSided=0, TSNormal=1, Masked=0, Distorted=0, WritesEveryPixel=1, ModifiesMeshPosition=0, Usage={bUsedWithNanite}"
"/Game/Assetes/Storge/Mats/M_meds_shelf.M_meds_shelf","49","23","0","1","214","Compiling M_meds_shelf: Platform=PCD3D_SM6, Usage=LightingModel=MSM_DefaultLit, BlendMode=BLEND_Opaque, SpecialEngine=0, TwoSided=0, TSNormal=1, Masked=0, Distorted=0, WritesEveryPixel=1, ModifiesMeshPosition=0, Usage={bUsedWithNanite}"
"/Game/Assetes/Storge/Boxes/Storage_Shelves.Storage_Shelves","49","23","0","1","206","Compiling Storage_Shelves: Platform=PCD3D_SM6, Usage=LightingModel=MSM_DefaultLit, BlendMode=BLEND_Opaque, SpecialEngine=0, TwoSided=0, TSNormal=1, Masked=0, Distorted=0, WritesEveryPixel=1, ModifiesMeshPosition=0, Usage={bUsedWithNanite}"
"/Game/Assetes/ShotGun/Mats/Skeleton.Skeleton","49","23","0","1","226","Compiling Skeleton: Platform=PCD3D_SM6, Usage=LightingModel=MSM_DefaultLit, BlendMode=BLEND_Opaque, SpecialEngine=0, TwoSided=0, TSNormal=1, Masked=0, Distorted=0, WritesEveryPixel=1, ModifiesMeshPosition=0, Usage={bUsedWithNanite}"
"/Game/Assetes/ShotGun/Mats/mossberg500.mossberg500","49","23","0","1","245","Compiling mossberg500: Platform=PCD3D_SM6, Usage=LightingModel=MSM_DefaultLit, BlendMode=BLEND_Opaque, SpecialEngine=0, TwoSided=0, TSNormal=1, Masked=0, Distorted=0, WritesEveryPixel=1, ModifiesMeshPosition=0, Usage={bUsedWithNanite}"
"/Game/Assetes/Storge/Dead_Storge/Main_Box.Main_Box","49","23","0","1","225","Compiling Main_Box: Platform=PCD3D_SM6, Usage=LightingModel=MSM_DefaultLit, BlendMode=BLEND_Opaque, SpecialEngine=0, TwoSided=0, TSNormal=1, Masked=0, Distorted=0, WritesEveryPixel=1, ModifiesMeshPosition=0, Usage={bUsedWithNanite}"
"/Game/Assetes/Sign/Sign_fall.Sign_fall","49","23","0","1","184","Compiling Sign_fall: Platform=PCD3D_SM6, Usage=LightingModel=MSM_DefaultLit, BlendMode=BLEND_Opaque, SpecialEngine=0, TwoSided=0, TSNormal=1, Masked=0, Distorted=0, WritesEveryPixel=1, ModifiesMeshPosition=0, Usage={bUsedWithNanite}"
"/Game/Assetes/ShotGun/Mats/crow1.crow1","49","23","0","1","225","Compiling crow1: Platform=PCD3D_SM6, Usage=LightingModel=MSM_DefaultLit, BlendMode=BLEND_Opaque, SpecialEngine=0, TwoSided=0, TSNormal=1, Masked=0, Distorted=0, WritesEveryPixel=1, ModifiesMeshPosition=0, Usage={bUsedWithNanite}"
"/Game/Assetes/ShotGun/Skeleton.Skeleton","49","23","0","1","212","Compiling Skeleton: Platform=PCD3D_SM6, Usage=LightingModel=MSM_DefaultLit, BlendMode=BLEND_Opaque, SpecialEngine=0, TwoSided=0, TSNormal=1, Masked=0, Distorted=0, WritesEveryPixel=1, ModifiesMeshPosition=0, Usage={bUsedWithNanite}"
"/Game/Assetes/Paper/Metal.Metal","49","23","0","2","226","Compiling Metal: Platform=PCD3D_SM6, Usage=LightingModel=MSM_DefaultLit, BlendMode=BLEND_Opaque, SpecialEngine=0, TwoSided=0, TSNormal=1, Masked=0, Distorted=0, WritesEveryPixel=1, ModifiesMeshPosition=0, Usage={bUsedWithNanite}"
"/Game/Assetes/IV_BAGS/Iv_Bag.Iv_Bag","49","23","0","2","227","Compiling Iv_Bag: Platform=PCD3D_SM6, Usage=LightingModel=MSM_DefaultLit, BlendMode=BLEND_Opaque, SpecialEngine=0, TwoSided=0, TSNormal=1, Masked=0, Distorted=0, WritesEveryPixel=1, ModifiesMeshPosition=0, Usage={bUsedWithNanite}"
"/Game/Assetes/SautCase/Tex_0170_0_dds_case1_png.Tex_0170_0_dds_case1_png","49","23","0","1","248","Compiling Tex_0170_0_dds_case1_png: Platform=PCD3D_SM6, Usage=LightingModel=MSM_DefaultLit, BlendMode=BLEND_Opaque, SpecialEngine=0, TwoSided=0, TSNormal=1, Masked=0, Distorted=0, WritesEveryPixel=1, ModifiesMeshPosition=0, Usage={bUsedWithNanite}"
"/Game/Assetes/KeyBoaed/KeyBOARD1.KeyBOARD1","49","23","0","2","226","Compiling KeyBOARD1: Platform=PCD3D_SM6, Usage=LightingModel=MSM_DefaultLit, BlendMode=BLEND_Opaque, SpecialEngine=0, TwoSided=0, TSNormal=1, Masked=0, Distorted=0, WritesEveryPixel=1, ModifiesMeshPosition=0, Usage={bUsedWithNanite}"
"/Game/Assetes/Iron_Stand/Material.Material","49","23","0","1","204","Compiling Material: Platform=PCD3D_SM6, Usage=LightingModel=MSM_DefaultLit, BlendMode=BLEND_Opaque, SpecialEngine=0, TwoSided=0, TSNormal=1, Masked=0, Distorted=0, WritesEveryPixel=1, ModifiesMeshPosition=0, Usage={bUsedWithNanite}"
"/Game/Assetes/Iron_Stand/Black_Wood.Black_Wood","49","23","0","1","188","Compiling Black_Wood: Platform=PCD3D_SM6, Usage=LightingModel=MSM_DefaultLit, BlendMode=BLEND_Opaque, SpecialEngine=0, TwoSided=0, TSNormal=1, Masked=0, Distorted=0, WritesEveryPixel=1, ModifiesMeshPosition=0, Usage={bUsedWithNanite}"
"/Game/Assetes/Flash_Light/Tex_0110_0_dds_light1_png.Tex_0110_0_dds_light1_png","49","26","0","1","231","Compiling Tex_0110_0_dds_light1_png: Platform=PCD3D_SM6, Usage=LightingModel=MSM_DefaultLit, BlendMode=BLEND_Opaque, SpecialEngine=0, TwoSided=0, TSNormal=1, Masked=0, Distorted=0, WritesEveryPixel=1, ModifiesMeshPosition=0, Usage={bUsedWithSkeletalMesh}"
"/Game/Assetes/Exit/lambert2SG.lambert2SG","49","23","0","1","190","Compiling lambert2SG: Platform=PCD3D_SM6, Usage=LightingModel=MSM_DefaultLit, BlendMode=BLEND_Opaque, SpecialEngine=0, TwoSided=0, TSNormal=1, Masked=0, Distorted=0, WritesEveryPixel=1, ModifiesMeshPosition=0, Usage={bUsedWithNanite}"
"/Game/Assetes/IV_BAGS/Iv_Bag_Blood.Iv_Bag_Blood","49","23","0","1","155","Compiling Iv_Bag_Blood: Platform=PCD3D_SM6, Usage=LightingModel=MSM_DefaultLit, BlendMode=BLEND_Opaque, SpecialEngine=0, TwoSided=0, TSNormal=1, Masked=0, Distorted=0, WritesEveryPixel=1, ModifiesMeshPosition=0, Usage={bUsedWithNanite}"
"/Game/Assetes/Fire_Extinguisher/Mesh_0389_rip_extinguisher1_png.Mesh_0389_rip_extinguisher1_png","49","23","0","1","204","Compiling Mesh_0389_rip_extinguisher1_png: Platform=PCD3D_SM6, Usage=LightingModel=MSM_DefaultLit, BlendMode=BLEND_Opaque, SpecialEngine=0, TwoSided=0, TSNormal=1, Masked=0, Distorted=0, WritesEveryPixel=1, ModifiesMeshPosition=0, Usage={bUsedWithNanite}"
"/Game/Assetes/Doors/Dirty_Door.Dirty_Door","49","23","0","1","196","Compiling Dirty_Door: Platform=PCD3D_SM6, Usage=LightingModel=MSM_DefaultLit, BlendMode=BLEND_Opaque, SpecialEngine=0, TwoSided=0, TSNormal=1, Masked=0, Distorted=0, WritesEveryPixel=1, ModifiesMeshPosition=0, Usage={bUsedWithNanite}"
"/Game/Assetes/Doors/Door.Door","49","23","0","1","134","Compiling Door: Platform=PCD3D_SM6, Usage=LightingModel=MSM_DefaultLit, BlendMode=BLEND_Opaque, SpecialEngine=0, TwoSided=0, TSNormal=1, Masked=0, Distorted=0, WritesEveryPixel=1, ModifiesMeshPosition=0, Usage={bUsedWithNanite}"
"/Game/Assetes/Body_PARTS/Parts/parasitezombie_Material1.parasitezombie_Material1","49","23","0","1","197","Compiling parasitezombie_Material1: Platform=PCD3D_SM6, Usage=LightingModel=MSM_DefaultLit, BlendMode=BLEND_Opaque, SpecialEngine=0, TwoSided=0, TSNormal=1, Masked=0, Distorted=0, WritesEveryPixel=1, ModifiesMeshPosition=0, Usage={bUsedWithNanite}"
"/Game/Assetes/Body_PARTS/Hands/MATS_ETC/TEMP/Hands1.Hands1","49","23","0","1","199","Compiling Hands1: Platform=PCD3D_SM6, Usage=LightingModel=MSM_DefaultLit, BlendMode=BLEND_Opaque, SpecialEngine=0, TwoSided=0, TSNormal=1, Masked=0, Distorted=0, WritesEveryPixel=1, ModifiesMeshPosition=0, Usage={bUsedWithNanite}"
"/Game/Assetes/Chairs/Material.Material","49","23","0","1","161","Compiling Material: Platform=PCD3D_SM6, Usage=LightingModel=MSM_DefaultLit, BlendMode=BLEND_Opaque, SpecialEngine=0, TwoSided=0, TSNormal=1, Masked=0, Distorted=0, WritesEveryPixel=1, ModifiesMeshPosition=0, Usage={bUsedWithNanite}"
"/Game/Assetes/Chairs/Chair.Chair","49","23","0","1","195","Compiling Chair: Platform=PCD3D_SM6, Usage=LightingModel=MSM_DefaultLit, BlendMode=BLEND_Opaque, SpecialEngine=0, TwoSided=0, TSNormal=1, Masked=0, Distorted=0, WritesEveryPixel=1, ModifiesMeshPosition=0, Usage={bUsedWithNanite}"
"/Game/Assetes/Body_PARTS/Hands/MATS_ETC/TEMP/WorldWar_zombie_material.WorldWar_zombie_material","49","23","0","1","126","Compiling WorldWar_zombie_material: Platform=PCD3D_SM6, Usage=LightingModel=MSM_DefaultLit, BlendMode=BLEND_Opaque, SpecialEngine=0, TwoSided=0, TSNormal=1, Masked=0, Distorted=0, WritesEveryPixel=1, ModifiesMeshPosition=0, Usage={bUsedWithNanite}"
"/Game/Assetes/Body_PARTS/Hands/MATS_ETC/TEMP/Ch10_body1.Ch10_body1","49","23","0","2","191","Compiling Ch10_body1: Platform=PCD3D_SM6, Usage=LightingModel=MSM_DefaultLit, BlendMode=BLEND_Opaque, SpecialEngine=0, TwoSided=0, TSNormal=1, Masked=0, Distorted=0, WritesEveryPixel=1, ModifiesMeshPosition=0, Usage={bUsedWithNanite}"
"/Game/Assetes/Body_PARTS/Hands/MATS_ETC/TEMP/Ch10_body.Ch10_body","49","23","0","1","171","Compiling Ch10_body: Platform=PCD3D_SM6, Usage=LightingModel=MSM_DefaultLit, BlendMode=BLEND_Opaque, SpecialEngine=0, TwoSided=0, TSNormal=1, Masked=0, Distorted=0, WritesEveryPixel=1, ModifiesMeshPosition=0, Usage={bUsedWithNanite}"
"/Game/Assetes/Body_PARTS/Hands/WorldWar_zombie_material.WorldWar_zombie_material","49","23","0","2","121","Compiling WorldWar_zombie_material: Platform=PCD3D_SM6, Usage=LightingModel=MSM_DefaultLit, BlendMode=BLEND_Opaque, SpecialEngine=0, TwoSided=0, TSNormal=1, Masked=0, Distorted=0, WritesEveryPixel=1, ModifiesMeshPosition=0, Usage={bUsedWithNanite}"
"/Game/Assetes/Body_PARTS/Hands/MATS_ETC/WorldWar_zombie_material.WorldWar_zombie_material","49","23","0","1","123","Compiling WorldWar_zombie_material: Platform=PCD3D_SM6, Usage=LightingModel=MSM_DefaultLit, BlendMode=BLEND_Opaque, SpecialEngine=0, TwoSided=0, TSNormal=1, Masked=0, Distorted=0, WritesEveryPixel=1, ModifiesMeshPosition=0, Usage={bUsedWithNanite}"
"/Game/Assetes/Body_PARTS/Hands/MATS_ETC/TEMP/Ch10_body1_001.Ch10_body1_001","49","23","0","2","117","Compiling Ch10_body1_001: Platform=PCD3D_SM6, Usage=LightingModel=MSM_DefaultLit, BlendMode=BLEND_Opaque, SpecialEngine=0, TwoSided=0, TSNormal=1, Masked=0, Distorted=0, WritesEveryPixel=1, ModifiesMeshPosition=0, Usage={bUsedWithNanite}"
"/Game/Assetes/Beds/Mats/Wood_And_Metal.Wood_And_Metal","49","23","0","3","124","Compiling Wood_And_Metal: Platform=PCD3D_SM6, Usage=LightingModel=MSM_DefaultLit, BlendMode=BLEND_Opaque, SpecialEngine=0, TwoSided=0, TSNormal=1, Masked=0, Distorted=0, WritesEveryPixel=1, ModifiesMeshPosition=0, Usage={bUsedWithNanite}"
"/Game/Assetes/Beds/Mats/Gurney.Gurney","49","23","0","1","93","Compiling Gurney: Platform=PCD3D_SM6, Usage=LightingModel=MSM_DefaultLit, BlendMode=BLEND_Opaque, SpecialEngine=0, TwoSided=0, TSNormal=1, Masked=0, Distorted=0, WritesEveryPixel=1, ModifiesMeshPosition=0, Usage={bUsedWithNanite}"
"/Game/Assetes/Beds/Mats/Crib.Crib","49","23","0","1","62","Compiling Crib: Platform=PCD3D_SM6, Usage=LightingModel=MSM_DefaultLit, BlendMode=BLEND_Opaque, SpecialEngine=0, TwoSided=0, TSNormal=1, Masked=0, Distorted=0, WritesEveryPixel=1, ModifiesMeshPosition=0, Usage={bUsedWithNanite}"
"/Game/Assetes/Beds/Mats/BEd.BEd","49","23","0","1","56","Compiling BEd: Platform=PCD3D_SM6, Usage=LightingModel=MSM_DefaultLit, BlendMode=BLEND_Opaque, SpecialEngine=0, TwoSided=0, TSNormal=1, Masked=0, Distorted=0, WritesEveryPixel=1, ModifiesMeshPosition=0, Usage={bUsedWithNanite}"
"/Game/Assetes/Body_PARTS/Foot/WorldWar_zombie_material.WorldWar_zombie_material","49","23","0","1","64","Compiling WorldWar_zombie_material: Platform=PCD3D_SM6, Usage=LightingModel=MSM_DefaultLit, BlendMode=BLEND_Opaque, SpecialEngine=0, TwoSided=0, TSNormal=1, Masked=0, Distorted=0, WritesEveryPixel=1, ModifiesMeshPosition=0, Usage={bUsedWithNanite}"
"/Game/Assetes/Beds/Mats/Black.Black","49","23","0","2","89","Compiling Black: Platform=PCD3D_SM6, Usage=LightingModel=MSM_DefaultLit, BlendMode=BLEND_Opaque, SpecialEngine=0, TwoSided=0, TSNormal=1, Masked=0, Distorted=0, WritesEveryPixel=1, ModifiesMeshPosition=0, Usage={bUsedWithNanite}"
"/Game/Assetes/Beds/Crip/Crib.Crib","49","23","0","1","74","Compiling Crib: Platform=PCD3D_SM6, Usage=LightingModel=MSM_DefaultLit, BlendMode=BLEND_Opaque, SpecialEngine=0, TwoSided=0, TSNormal=1, Masked=0, Distorted=0, WritesEveryPixel=1, ModifiesMeshPosition=0, Usage={bUsedWithNanite}"
"/Game/CharacterBodyFX/Materials/M_Flower_04.M_Flower_04","49","50","0","2","186","Compiling M_Flower_04: Platform=PCD3D_SM6, Usage=LightingModel=MSM_Subsurface, BlendMode=BLEND_Opaque, SpecialEngine=0, TwoSided=1, TSNormal=1, Masked=0, Distorted=0, WritesEveryPixel=1, ModifiesMeshPosition=1, Usage={bUsedWithNiagaraMeshParticles}"
"/Game/CharacterBodyFX/Materials/M_Flower_03.M_Flower_03","49","50","0","5","240","Compiling M_Flower_03: Platform=PCD3D_SM6, Usage=LightingModel=MSM_Subsurface, BlendMode=BLEND_Opaque, SpecialEngine=0, TwoSided=1, TSNormal=1, Masked=0, Distorted=0, WritesEveryPixel=1, ModifiesMeshPosition=1, Usage={bUsedWithNiagaraMeshParticles}"
"/Game/Assetes/Beds/Mats/Logo.Logo","49","23","0","1","73","Compiling Logo: Platform=PCD3D_SM6, Usage=LightingModel=MSM_DefaultLit, BlendMode=BLEND_Opaque, SpecialEngine=0, TwoSided=0, TSNormal=1, Masked=0, Distorted=0, WritesEveryPixel=1, ModifiesMeshPosition=0, Usage={bUsedWithNanite}"
"/Game/PSX/PSX_Pixie.PSX_Pixie","49","4","0","1","10","Compiling PSX_Pixie: Platform=PCD3D_SM6, Usage=LightingModel=MSM_Unlit, BlendMode=BLEND_Opaque, SpecialEngine=0, TwoSided=0, TSNormal=1, Masked=0, Distorted=0, WritesEveryPixel=1, ModifiesMeshPosition=0, Usage={}"
"/Game/CharacterBodyFX/Materials/M_LightOrb.M_LightOrb","49","26","0","5","108","Compiling M_LightOrb: Platform=PCD3D_SM6, Usage=LightingModel=MSM_DefaultLit, BlendMode=BLEND_Opaque, SpecialEngine=0, TwoSided=0, TSNormal=1, Masked=0, Distorted=0, WritesEveryPixel=1, ModifiesMeshPosition=0, Usage={bUsedWithNiagaraMeshParticles}, StaticSwitch'Invert Fresnel (B)2-1'=True"
"/Game/CharacterBodyFX/Materials/M_Flower_05.M_Flower_05","49","50","0","15","196","Compiling M_Flower_05: Platform=PCD3D_SM6, Usage=LightingModel=MSM_Subsurface, BlendMode=BLEND_Opaque, SpecialEngine=0, TwoSided=1, TSNormal=1, Masked=0, Distorted=0, WritesEveryPixel=1, ModifiesMeshPosition=1, Usage={bUsedWithNiagaraMeshParticles}"
"/Game/CharacterBodyFX/Materials/M_Flower_02.M_Flower_02","49","50","0","26","127","Compiling M_Flower_02: Platform=PCD3D_SM6, Usage=LightingModel=MSM_Subsurface, BlendMode=BLEND_Opaque, SpecialEngine=0, TwoSided=1, TSNormal=1, Masked=0, Distorted=0, WritesEveryPixel=1, ModifiesMeshPosition=1, Usage={bUsedWithNiagaraMeshParticles}"
"/Game/CharacterBodyFX/Materials/M_Flower_01.M_Flower_01","49","50","0","50","98","Compiling M_Flower_01: Platform=PCD3D_SM6, Usage=LightingModel=MSM_Subsurface, BlendMode=BLEND_Opaque, SpecialEngine=0, TwoSided=1, TSNormal=1, Masked=0, Distorted=0, WritesEveryPixel=1, ModifiesMeshPosition=1, Usage={bUsedWithNiagaraMeshParticles}"
"/Game/CharacterBodyFX/Materials/M_Bubble.M_Bubble","49","48","0","48","96","Compiling M_Bubble: Platform=PCD3D_SM6, Usage=LightingModel=MSM_DefaultLit, BlendMode=BLEND_Translucent, SpecialEngine=0, TwoSided=0, TSNormal=1, Masked=0, Distorted=1, WritesEveryPixel=1, ModifiesMeshPosition=0, Usage={bUsedWithNiagaraMeshParticles}, StaticSwitch'Invert Fresnel (B)2-1'=False"
"/Game/FirstPerson/SFX/Vidos/Main_Video_Mat.Main_Video_Mat","49","9","0","9","9","Compiling Main_Video_Mat: Platform=PCD3D_SM6, Usage=LightingModel=MSM_Unlit, BlendMode=BLEND_Opaque, SpecialEngine=0, TwoSided=0, TSNormal=1, Masked=0, Distorted=0, WritesEveryPixel=1, ModifiesMeshPosition=0, Usage={}"
"","49","1","1","0","0",""
"/Game/CharacterBodyFX/Mannequin/Character/Materials/M_Male_Body.M_Male_Body","49","56","0","6","223","Compiling M_Male_Body: Platform=PCD3D_SM6, Usage=LightingModel=MSM_DefaultLit, BlendMode=BLEND_Masked, SpecialEngine=0, TwoSided=0, TSNormal=1, Masked=1, Distorted=0, WritesEveryPixel=0, ModifiesMeshPosition=0, Usage={bUsedWithSkeletalMesh}, StaticSwitch'PlasticOverride2-1'=False"
"/Game/CharacterBodyFX/Mannequin/Character/Materials/M_Male_Body.M_Male_Body","49","56","0","6","549","Compiling M_Male_Body: Platform=PCD3D_SM6, Usage=LightingModel=MSM_DefaultLit, BlendMode=BLEND_Masked, SpecialEngine=0, TwoSided=0, TSNormal=1, Masked=1, Distorted=0, WritesEveryPixel=0, ModifiesMeshPosition=0, Usage={bUsedWithSkeletalMesh}, StaticSwitch'PlasticOverride2-1'=True"
"/ControlRig/Controls/ControlRigGizmoMaterial.ControlRigGizmoMaterial","49","0","0","4","0","Compiling ControlRigGizmoMaterial: Platform=PCD3D_SM6, Usage=LightingModel=MSM_Unlit, BlendMode=BLEND_Opaque, SpecialEngine=0, TwoSided=0, TSNormal=1, Masked=0, Distorted=0, WritesEveryPixel=1, ModifiesMeshPosition=0, Usage={}"
"/Engine/EngineMaterials/NaniteHiddenSectionMaterial.NaniteHiddenSectionMaterial","49","0","0","29","0","Compiling NaniteHiddenSectionMaterial: Platform=PCD3D_SM6, Usage=LightingModel=MSM_DefaultLit, BlendMode=BLEND_Opaque, SpecialEngine=0, TwoSided=1, TSNormal=1, Masked=0, Distorted=0, WritesEveryPixel=1, ModifiesMeshPosition=1, Usage={}"
"/Engine/EngineDebugMaterials/DebugEditorMaterial.DebugEditorMaterial","49","0","0","6","0","Compiling DebugEditorMaterial: Platform=PCD3D_SM6, Usage=LightingModel=MSM_Unlit, BlendMode=BLEND_Opaque, SpecialEngine=0, TwoSided=1, TSNormal=1, Masked=0, Distorted=0, WritesEveryPixel=1, ModifiesMeshPosition=0, Usage={}"
"/Engine/EditorMaterials/PhAT_NoCollisionMaterial.PhAT_NoCollisionMaterial","49","0","0","3","0","Compiling PhAT_NoCollisionMaterial: Platform=PCD3D_SM6, Usage=LightingModel=MSM_Unlit, BlendMode=BLEND_Translucent, SpecialEngine=0, TwoSided=0, TSNormal=1, Masked=0, Distorted=0, WritesEveryPixel=1, ModifiesMeshPosition=0, Usage={}"
"/Engine/EditorMaterials/PhAT_UnselectedMaterial.PhAT_UnselectedMaterial","49","0","0","3","0","Compiling PhAT_UnselectedMaterial: Platform=PCD3D_SM6, Usage=LightingModel=MSM_Unlit, BlendMode=BLEND_Translucent, SpecialEngine=0, TwoSided=0, TSNormal=1, Masked=0, Distorted=0, WritesEveryPixel=1, ModifiesMeshPosition=0, Usage={}"
"/MeshModelingToolset/Materials/M_DynamicMeshComponentVtxColor.M_DynamicMeshComponentVtxColor","49","0","0","18","0","Compiling M_DynamicMeshComponentVtxColor: Platform=PCD3D_SM6, Usage=LightingModel=MSM_DefaultLit, BlendMode=BLEND_Opaque, SpecialEngine=0, TwoSided=1, TSNormal=1, Masked=0, Distorted=0, WritesEveryPixel=1, ModifiesMeshPosition=0, Usage={}"
"/Engine/EngineMaterials/GizmoMaterial.GizmoMaterial","49","0","0","6","0","Compiling GizmoMaterial: Platform=PCD3D_SM6, Usage=LightingModel=MSM_Unlit, BlendMode=BLEND_Opaque, SpecialEngine=0, TwoSided=1, TSNormal=1, Masked=0, Distorted=0, WritesEveryPixel=1, ModifiesMeshPosition=0, Usage={}"
"/Engine/EngineDebugMaterials/DebugMeshMaterial.DebugMeshMaterial","49","0","0","5","0","Compiling DebugMeshMaterial: Platform=PCD3D_SM6, Usage=LightingModel=MSM_Unlit, BlendMode=BLEND_Translucent, SpecialEngine=0, TwoSided=1, TSNormal=1, Masked=0, Distorted=0, WritesEveryPixel=1, ModifiesMeshPosition=0, Usage={}"
"/Engine/EngineMaterials/RemoveSurfaceMaterial.RemoveSurfaceMaterial","49","0","0","4","0","Compiling RemoveSurfaceMaterial: Platform=PCD3D_SM6, Usage=LightingModel=MSM_Unlit, BlendMode=BLEND_Opaque, SpecialEngine=0, TwoSided=0, TSNormal=1, Masked=0, Distorted=0, WritesEveryPixel=1, ModifiesMeshPosition=0, Usage={bUsedWithStaticLighting}"
"/ControlRig/Controls/ControlRigXRayMaterial.ControlRigXRayMaterial","49","0","0","7","0","Compiling ControlRigXRayMaterial: Platform=PCD3D_SM6, Usage=LightingModel=MSM_Unlit, BlendMode=BLEND_Translucent, SpecialEngine=0, TwoSided=0, TSNormal=1, Masked=0, Distorted=0, WritesEveryPixel=1, ModifiesMeshPosition=1, Usage={bUsedWithStaticLighting}"
"/Engine/EditorLandscapeResources/SplineEditorMeshMat.SplineEditorMeshMat","49","0","0","10","0","Compiling SplineEditorMeshMat: Platform=PCD3D_SM6, Usage=LightingModel=MSM_Unlit, BlendMode=BLEND_Opaque, SpecialEngine=0, TwoSided=1, TSNormal=1, Masked=0, Distorted=0, WritesEveryPixel=1, ModifiesMeshPosition=0, Usage={bUsedWithSplineMeshes}"
"/Engine/EngineDebugMaterials/M_SimpleUnlitTranslucent.M_SimpleUnlitTranslucent","49","0","0","3","0","Compiling M_SimpleUnlitTranslucent: Platform=PCD3D_SM6, Usage=LightingModel=MSM_Unlit, BlendMode=BLEND_Translucent, SpecialEngine=0, TwoSided=0, TSNormal=1, Masked=0, Distorted=0, WritesEveryPixel=1, ModifiesMeshPosition=0, Usage={}"
"/Engine/EditorMaterials/Camera/CineMat.CineMat","49","0","0","26","0","Compiling CineMat: Platform=PCD3D_SM6, Usage=LightingModel=MSM_DefaultLit, BlendMode=BLEND_Opaque, SpecialEngine=0, TwoSided=0, TSNormal=1, Masked=0, Distorted=0, WritesEveryPixel=1, ModifiesMeshPosition=0, Usage={bUsedWithSplineMeshes}"
"/Engine/VREditor/TransformGizmo/Xray.Xray","49","0","0","14","0","Compiling Xray: Platform=PCD3D_SM6, Usage=LightingModel=MSM_DefaultLit, BlendMode=BLEND_Opaque, SpecialEngine=0, TwoSided=0, TSNormal=1, Masked=0, Distorted=0, WritesEveryPixel=1, ModifiesMeshPosition=0, Usage={}"
"/Engine/VREditor/TransformGizmo/Main.Main","49","0","0","3","0","Compiling Main: Platform=PCD3D_SM6, Usage=LightingModel=MSM_Unlit, BlendMode=BLEND_Translucent, SpecialEngine=0, TwoSided=0, TSNormal=1, Masked=0, Distorted=0, WritesEveryPixel=1, ModifiesMeshPosition=0, Usage={}"
"/Engine/VREditor/TransformGizmo/TranslucentTransformGizmoMaterial.TranslucentTransformGizmoMaterial","49","0","0","3","0","Compiling TranslucentTransformGizmoMaterial: Platform=PCD3D_SM6, Usage=LightingModel=MSM_Unlit, BlendMode=BLEND_Translucent, SpecialEngine=0, TwoSided=0, TSNormal=1, Masked=0, Distorted=0, WritesEveryPixel=1, ModifiesMeshPosition=0, Usage={}"
"/Engine/EngineMaterials/DefaultLightFunctionMaterial.DefaultLightFunctionMaterial","49","0","0","43","0","Compiling DefaultLightFunctionMaterial: Platform=PCD3D_SM6, Usage=LightingModel=MSM_Unlit, BlendMode=BLEND_Opaque, SpecialEngine=0, TwoSided=0, TSNormal=1, Masked=0, Distorted=0, WritesEveryPixel=1, ModifiesMeshPosition=0, Usage={}"
"/Game/LevelPrototyping/Materials/M_Solid.M_Solid","49","0","0","26","0","Compiling M_Solid: Platform=PCD3D_SM6, Usage=LightingModel=MSM_DefaultLit, BlendMode=BLEND_Opaque, SpecialEngine=0, TwoSided=0, TSNormal=1, Masked=0, Distorted=0, WritesEveryPixel=1, ModifiesMeshPosition=0, Usage={bUsedWithSkeletalMesh}"
"/Engine/VREditor/TransformGizmo/TransformGizmoMaterial.TransformGizmoMaterial","49","0","0","4","0","Compiling TransformGizmoMaterial: Platform=PCD3D_SM6, Usage=LightingModel=MSM_Unlit, BlendMode=BLEND_Opaque, SpecialEngine=0, TwoSided=0, TSNormal=1, Masked=0, Distorted=0, WritesEveryPixel=1, ModifiesMeshPosition=0, Usage={}"
"/Engine/EngineMaterials/Widget3DPassThrough.Widget3DPassThrough","49","0","0","3","3","Compiling Widget3DPassThrough: Platform=PCD3D_SM6, Usage=LightingModel=MSM_Unlit, BlendMode=BLEND_Translucent, SpecialEngine=0, TwoSided=0, TSNormal=1, Masked=0, Distorted=0, WritesEveryPixel=1, ModifiesMeshPosition=0, Usage={}"
"/Engine/EngineMaterials/Widget3DPassThrough.Widget3DPassThrough","49","0","0","19","0","Compiling Widget3DPassThrough: Platform=PCD3D_SM6, Usage=LightingModel=MSM_Unlit, BlendMode=BLEND_Masked, SpecialEngine=0, TwoSided=1, TSNormal=1, Masked=1, Distorted=0, WritesEveryPixel=0, ModifiesMeshPosition=0, Usage={}"
"/Engine/EngineMaterials/Widget3DPassThrough.Widget3DPassThrough","49","0","0","6","0","Compiling Widget3DPassThrough: Platform=PCD3D_SM6, Usage=LightingModel=MSM_Unlit, BlendMode=BLEND_Opaque, SpecialEngine=0, TwoSided=1, TSNormal=1, Masked=0, Distorted=0, WritesEveryPixel=1, ModifiesMeshPosition=0, Usage={}"
"/Engine/EngineMaterials/Widget3DPassThrough.Widget3DPassThrough","49","0","0","5","0","Compiling Widget3DPassThrough: Platform=PCD3D_SM6, Usage=LightingModel=MSM_Unlit, BlendMode=BLEND_Translucent, SpecialEngine=0, TwoSided=1, TSNormal=1, Masked=0, Distorted=0, WritesEveryPixel=1, ModifiesMeshPosition=0, Usage={}"
"/Engine/EngineMaterials/Widget3DPassThrough.Widget3DPassThrough","49","0","0","19","0","Compiling Widget3DPassThrough: Platform=PCD3D_SM6, Usage=LightingModel=MSM_Unlit, BlendMode=BLEND_Masked, SpecialEngine=0, TwoSided=0, TSNormal=1, Masked=1, Distorted=0, WritesEveryPixel=0, ModifiesMeshPosition=0, Usage={}"
"/Engine/EngineMaterials/Widget3DPassThrough.Widget3DPassThrough","49","0","0","4","0","Compiling Widget3DPassThrough: Platform=PCD3D_SM6, Usage=LightingModel=MSM_Unlit, BlendMode=BLEND_Opaque, SpecialEngine=0, TwoSided=0, TSNormal=1, Masked=0, Distorted=0, WritesEveryPixel=1, ModifiesMeshPosition=0, Usage={}"
"/Engine/EngineSky/VolumetricClouds/m_SimpleVolumetricCloud.m_SimpleVolumetricCloud","49","0","0","68","0","Compiling m_SimpleVolumetricCloud: Platform=PCD3D_SM6, Usage=LightingModel=MSM_DefaultLit, BlendMode=BLEND_Additive, SpecialEngine=0, TwoSided=0, TSNormal=1, Masked=0, Distorted=0, WritesEveryPixel=1, ModifiesMeshPosition=0, Usage={bUsedWithVolumetricCloud}"
"/Engine/EngineMaterials/DefaultDeferredDecalMaterial.DefaultDeferredDecalMaterial","49","0","0","87","0","Compiling DefaultDeferredDecalMaterial: Platform=PCD3D_SM6, Usage=LightingModel=MSM_DefaultLit, BlendMode=BLEND_Translucent, SpecialEngine=0, TwoSided=0, TSNormal=1, Masked=0, Distorted=0, WritesEveryPixel=1, ModifiesMeshPosition=0, Usage={bUsedWithSkeletalMesh,bUsedWithStaticLighting,bUsedWithSplineMeshes}"
"/ControlRig/M_Manip.M_Manip","49","0","0","7","0","Compiling M_Manip: Platform=PCD3D_SM6, Usage=LightingModel=MSM_Unlit, BlendMode=BLEND_Translucent, SpecialEngine=0, TwoSided=0, TSNormal=1, Masked=0, Distorted=0, WritesEveryPixel=1, ModifiesMeshPosition=1, Usage={}"
"/Paper2D/DefaultSpriteMaterial.DefaultSpriteMaterial","49","0","0","36","0","Compiling DefaultSpriteMaterial: Platform=PCD3D_SM6, Usage=LightingModel=MSM_Unlit, BlendMode=BLEND_Masked, SpecialEngine=0, TwoSided=1, TSNormal=1, Masked=1, Distorted=0, WritesEveryPixel=0, ModifiesMeshPosition=0, Usage={bUsedWithNiagaraSprites}"
"/Paper2D/DefaultSpriteMaterial.DefaultSpriteMaterial","49","0","0","10","0","Compiling DefaultSpriteMaterial: Platform=PCD3D_SM6, Usage=LightingModel=MSM_Unlit, BlendMode=BLEND_Opaque, SpecialEngine=0, TwoSided=1, TSNormal=1, Masked=0, Distorted=0, WritesEveryPixel=1, ModifiesMeshPosition=0, Usage={bUsedWithNiagaraSprites}"
"/Engine/BasicShapes/BasicShapeMaterial.BasicShapeMaterial","49","0","0","82","0","Compiling BasicShapeMaterial: Platform=PCD3D_SM6, Usage=LightingModel=MSM_DefaultLit, BlendMode=BLEND_Opaque, SpecialEngine=0, TwoSided=0, TSNormal=1, Masked=0, Distorted=0, WritesEveryPixel=1, ModifiesMeshPosition=0, Usage={bUsedWithStaticLighting,bUsedWithInstancedStaticMeshes,bUsedWithGeometryCollections,bUsedWithNanite}"
"/Engine/EngineMaterials/FlattenMaterial_WS_Normal_VT.FlattenMaterial_WS_Normal_VT","49","0","0","50","0","Compiling FlattenMaterial_WS_Normal_VT: Platform=PCD3D_SM6, Usage=LightingModel=MSM_DefaultLit, BlendMode=BLEND_Opaque, SpecialEngine=0, TwoSided=0, TSNormal=0, Masked=0, Distorted=0, WritesEveryPixel=1, ModifiesMeshPosition=0, Usage={bUsedWithSkeletalMesh,bUsedWithStaticLighting,bUsedWithMorphTargets,bUsedWithNanite}, StaticSwitch'PackMetallic2-1'=False, StaticSwitch'PackRoughness2-1'=False, StaticSwitch'PackSpecular2-1'=False, StaticSwitch'UseAmbientOcclusion2-1'=False, StaticSwitch'UseBaseColor2-1'=False, StaticSwitch'UseCustomUV2-1'=False, StaticSwitch'UseEmissiveColor2-1'=False, StaticSwitch'UseEmissiveHDR2-1'=False, StaticSwitch'UseMetallic2-1'=False, StaticSwitch'UseOpacity2-1'=False, StaticSwitch'UseOpacityMask2-1'=False, StaticSwitch'UseRoughness2-1'=False, StaticSwitch'UseSpecular2-1'=False, StaticSwitch'UseUV12-1'=False, StaticSwitch'UseUV22-1'=False, StaticSwitch'UseUV32-1'=False, StaticSwitch'UseUV42-1'=False, StaticSwitch'UseUV52-1'=False, StaticSwitch'UseUV62-1'=False"
"/Engine/EngineMaterials/FlattenMaterial_VT.FlattenMaterial_VT","49","0","0","50","0","Compiling FlattenMaterial_VT: Platform=PCD3D_SM6, Usage=LightingModel=MSM_DefaultLit, BlendMode=BLEND_Opaque, SpecialEngine=0, TwoSided=0, TSNormal=1, Masked=0, Distorted=0, WritesEveryPixel=1, ModifiesMeshPosition=0, Usage={bUsedWithSkeletalMesh,bUsedWithStaticLighting,bUsedWithMorphTargets,bUsedWithNanite}, StaticSwitch'PackMetallic2-1'=False, StaticSwitch'PackRoughness2-1'=False, StaticSwitch'PackSpecular2-1'=False, StaticSwitch'UseAmbientOcclusion2-1'=False, StaticSwitch'UseBaseColor2-1'=False, StaticSwitch'UseCustomUV2-1'=False, StaticSwitch'UseEmissiveColor2-1'=False, StaticSwitch'UseEmissiveHDR2-1'=False, StaticSwitch'UseMetallic2-1'=False, StaticSwitch'UseOpacity2-1'=False, StaticSwitch'UseOpacityMask2-1'=False, StaticSwitch'UseRoughness2-1'=False, StaticSwitch'UseSpecular2-1'=False, StaticSwitch'UseUV12-1'=False, StaticSwitch'UseUV22-1'=False, StaticSwitch'UseUV32-1'=False, StaticSwitch'UseUV42-1'=False, StaticSwitch'UseUV52-1'=False, StaticSwitch'UseUV62-1'=False"
"/Engine/EngineMaterials/FlattenMaterial.FlattenMaterial","49","0","0","50","0","Compiling FlattenMaterial: Platform=PCD3D_SM6, Usage=LightingModel=MSM_DefaultLit, BlendMode=BLEND_Opaque, SpecialEngine=0, TwoSided=0, TSNormal=1, Masked=0, Distorted=0, WritesEveryPixel=1, ModifiesMeshPosition=0, Usage={bUsedWithSkeletalMesh,bUsedWithStaticLighting,bUsedWithMorphTargets,bUsedWithNanite}, StaticSwitch'PackMetallic2-1'=False, StaticSwitch'PackRoughness2-1'=False, StaticSwitch'PackSpecular2-1'=False, StaticSwitch'UseAmbientOcclusion2-1'=False, StaticSwitch'UseBaseColor2-1'=False, StaticSwitch'UseCustomUV2-1'=False, StaticSwitch'UseEmissiveColor2-1'=False, StaticSwitch'UseEmissiveHDR2-1'=False, StaticSwitch'UseMetallic2-1'=False, StaticSwitch'UseOpacity2-1'=False, StaticSwitch'UseOpacityMask2-1'=False, StaticSwitch'UseRoughness2-1'=False, StaticSwitch'UseSpecular2-1'=False, StaticSwitch'UseUV12-1'=False, StaticSwitch'UseUV22-1'=False, StaticSwitch'UseUV32-1'=False, StaticSwitch'UseUV42-1'=False, StaticSwitch'UseUV52-1'=False, StaticSwitch'UseUV62-1'=False"
"/Engine/EngineMaterials/M_InvalidLightmapSettings.M_InvalidLightmapSettings","49","0","0","28","0","Compiling M_InvalidLightmapSettings: Platform=PCD3D_SM6, Usage=LightingModel=MSM_DefaultLit, BlendMode=BLEND_Opaque, SpecialEngine=0, TwoSided=0, TSNormal=1, Masked=0, Distorted=0, WritesEveryPixel=1, ModifiesMeshPosition=0, Usage={bUsedWithInstancedStaticMeshes}"
"/Engine/EngineMaterials/EmissiveMeshMaterial.EmissiveMeshMaterial","49","0","0","5","0","Compiling EmissiveMeshMaterial: Platform=PCD3D_SM6, Usage=LightingModel=MSM_Unlit, BlendMode=BLEND_Additive, SpecialEngine=0, TwoSided=1, TSNormal=1, Masked=0, Distorted=0, WritesEveryPixel=1, ModifiesMeshPosition=0, Usage={}"
"/Engine/EngineMaterials/PhAT_JointLimitMaterial.PhAT_JointLimitMaterial","49","0","0","7","0","Compiling PhAT_JointLimitMaterial: Platform=PCD3D_SM6, Usage=LightingModel=MSM_Unlit, BlendMode=BLEND_Translucent, SpecialEngine=0, TwoSided=1, TSNormal=1, Masked=0, Distorted=0, WritesEveryPixel=1, ModifiesMeshPosition=1, Usage={}"
"/Engine/EngineDebugMaterials/M_VolumeRenderSphereTracePP.M_VolumeRenderSphereTracePP","49","0","0","4","0","Compiling M_VolumeRenderSphereTracePP: Platform=PCD3D_SM6, Usage=LightingModel=MSM_Unlit, BlendMode=BLEND_Opaque, SpecialEngine=0, TwoSided=0, TSNormal=1, Masked=0, Distorted=0, WritesEveryPixel=1, ModifiesMeshPosition=0, Usage={}"
"/Engine/EngineMaterials/DefaultPostProcessMaterial.DefaultPostProcessMaterial","49","0","0","6","0","Compiling DefaultPostProcessMaterial: Platform=PCD3D_SM6, Usage=LightingModel=MSM_Unlit, BlendMode=BLEND_Opaque, SpecialEngine=0, TwoSided=0, TSNormal=1, Masked=0, Distorted=0, WritesEveryPixel=1, ModifiesMeshPosition=0, Usage={bUsedWithSkeletalMesh,bUsedWithStaticLighting}"
"/Engine/EngineMaterials/DefaultMaterial.DefaultMaterial","49","0","0","127","0","Compiling DefaultMaterial: Platform=PCD3D_SM6, Usage=LightingModel=MSM_DefaultLit, BlendMode=BLEND_Opaque, SpecialEngine=0, TwoSided=0, TSNormal=1, Masked=0, Distorted=0, WritesEveryPixel=1, ModifiesMeshPosition=0, Usage={bUsedWithSkeletalMesh,bUsedWithMeshParticles,bUsedWithStaticLighting,bUsedWithSplineMeshes,bUsedWithInstancedStaticMeshes,bUsedWithNiagaraSprites,bUsedWithNiagaraRibbons,bUsedWithNiagaraMeshParticles}"
"/Engine/EngineMaterials/WorldGridMaterial.WorldGridMaterial","49","0","0","802","0","Compiling WorldGridMaterial: Platform=PCD3D_SM6, Usage=LightingModel=MSM_DefaultLit, BlendMode=BLEND_Opaque, SpecialEngine=1, TwoSided=0, TSNormal=1, Masked=0, Distorted=0, WritesEveryPixel=1, ModifiesMeshPosition=0, Usage={}"
"/Engine/EngineMaterials/DefaultTextMaterialOpaque.DefaultTextMaterialOpaque","49","0","0","31","0","Compiling DefaultTextMaterialOpaque: Platform=PCD3D_SM6, Usage=LightingModel=MSM_DefaultLit, BlendMode=BLEND_Masked, SpecialEngine=0, TwoSided=1, TSNormal=1, Masked=1, Distorted=0, WritesEveryPixel=0, ModifiesMeshPosition=0, Usage={}"
"/Engine/EngineMaterials/PPM_DefaultCalibrationGrayscale.PPM_DefaultCalibrationGrayscale","49","0","0","4","0","Compiling PPM_DefaultCalibrationGrayscale: Platform=PCD3D_SM6, Usage=LightingModel=MSM_Unlit, BlendMode=BLEND_Opaque, SpecialEngine=0, TwoSided=0, TSNormal=1, Masked=0, Distorted=0, WritesEveryPixel=1, ModifiesMeshPosition=0, Usage={}"
"/Engine/EngineMaterials/PPM_DefaultCalibrationColor.PPM_DefaultCalibrationColor","49","0","0","4","0","Compiling PPM_DefaultCalibrationColor: Platform=PCD3D_SM6, Usage=LightingModel=MSM_Unlit, BlendMode=BLEND_Opaque, SpecialEngine=0, TwoSided=0, TSNormal=1, Masked=0, Distorted=0, WritesEveryPixel=1, ModifiesMeshPosition=0, Usage={}"
"/Engine/EditorMaterials/PreviewShadowIndicatorMaterial.PreviewShadowIndicatorMaterial","49","0","0","43","0","Compiling PreviewShadowIndicatorMaterial: Platform=PCD3D_SM6, Usage=LightingModel=MSM_Unlit, BlendMode=BLEND_Opaque, SpecialEngine=0, TwoSided=0, TSNormal=1, Masked=0, Distorted=0, WritesEveryPixel=1, ModifiesMeshPosition=0, Usage={}"
"/SpeedTreeImporter/SpeedTree9/SpeedTreeBillboardMaster.SpeedTreeBillboardMaster","49","0","0","62","0","Compiling SpeedTreeBillboardMaster: Platform=PCD3D_SM6, Usage=LightingModel=MSM_TwoSidedFoliage, BlendMode=BLEND_Masked, SpecialEngine=0, TwoSided=0, TSNormal=1, Masked=1, Distorted=0, WritesEveryPixel=0, ModifiesMeshPosition=1, Usage={bUsedWithInstancedStaticMeshes}, StaticSwitch'SharedEnable2-1'=True"
"/SpeedTreeImporter/SpeedTree9/SpeedTreeMaster.SpeedTreeMaster","49","0","0","88","0","Compiling SpeedTreeMaster: Platform=PCD3D_SM6, Usage=LightingModel=MSM_TwoSidedFoliage, BlendMode=BLEND_Masked, SpecialEngine=0, TwoSided=1, TSNormal=1, Masked=1, Distorted=0, WritesEveryPixel=0, ModifiesMeshPosition=1, Usage={bUsedWithStaticLighting,bUsedWithInstancedStaticMeshes}, StaticSwitch'Branch1Enable2-1'=True, StaticSwitch'Branch2Enable2-1'=False, StaticSwitch'FlipBacksideNormals2-1'=True, StaticSwitch'HandleCameraFacing2-1'=False, StaticSwitch'HasBranch2Data_Internal2-1'=False, StaticSwitch'RippleEnable2-1'=True, StaticSwitch'RippleShimmerEnable2-1'=False, StaticSwitch'SharedEnable2-1'=True"
"/Game/LevelPrototyping/Materials/M_PrototypeGrid.M_PrototypeGrid","49","0","0","23","0","Compiling M_PrototypeGrid: Platform=PCD3D_SM6, Usage=LightingModel=MSM_DefaultLit, BlendMode=BLEND_Opaque, SpecialEngine=0, TwoSided=0, TSNormal=1, Masked=0, Distorted=0, WritesEveryPixel=1, ModifiesMeshPosition=0, Usage={bUsedWithStaticLighting}, StaticSwitch'ObjectAligned2-1'=False, StaticSwitch'TopSurfaceColor2-1'=False"
"/Game/LevelPrototyping/Materials/M_PrototypeGrid.M_PrototypeGrid","49","0","0","23","0","Compiling M_PrototypeGrid: Platform=PCD3D_SM6, Usage=LightingModel=MSM_DefaultLit, BlendMode=BLEND_Opaque, SpecialEngine=0, TwoSided=0, TSNormal=1, Masked=0, Distorted=0, WritesEveryPixel=1, ModifiesMeshPosition=0, Usage={bUsedWithStaticLighting}, StaticSwitch'ObjectAligned2-1'=True, StaticSwitch'TopSurfaceColor2-1'=True"
"/Game/LevelPrototyping/Materials/M_PrototypeGrid.M_PrototypeGrid","49","0","0","23","0","Compiling M_PrototypeGrid: Platform=PCD3D_SM6, Usage=LightingModel=MSM_DefaultLit, BlendMode=BLEND_Opaque, SpecialEngine=0, TwoSided=0, TSNormal=1, Masked=0, Distorted=0, WritesEveryPixel=1, ModifiesMeshPosition=0, Usage={bUsedWithStaticLighting}, StaticSwitch'ObjectAligned2-1'=True, StaticSwitch'TopSurfaceColor2-1'=False"
"/Engine/EngineSky/M_Sky_Panning_Clouds2.M_Sky_Panning_Clouds2","49","0","0","4","0","Compiling M_Sky_Panning_Clouds2: Platform=PCD3D_SM6, Usage=LightingModel=MSM_Unlit, BlendMode=BLEND_Opaque, SpecialEngine=0, TwoSided=0, TSNormal=1, Masked=0, Distorted=0, WritesEveryPixel=1, ModifiesMeshPosition=0, Usage={bUsedWithStaticLighting}"
"/Engine/EngineSky/M_SimpleSkyDome.M_SimpleSkyDome","49","0","0","4","0","Compiling M_SimpleSkyDome: Platform=PCD3D_SM6, Usage=LightingModel=MSM_Unlit, BlendMode=BLEND_Opaque, SpecialEngine=0, TwoSided=0, TSNormal=1, Masked=0, Distorted=0, WritesEveryPixel=1, ModifiesMeshPosition=0, Usage={}"
